source_row_id,segment,company_name,company_domain,company_linkedin_url,clay_employee_count,clay_industry,fit_tier,fit_score,missing_required_fields,score_reasons,score_version,org_type,ehr_vendor,ehr_source,ehr_evidence_url,ehr_evidence_quote,portal_vendor_clue,parent_company,parent_source,parent_research,parent_evidence_url,location_count,location_count_as_of,location_evidence_url,latest_event_type,latest_event_date,latest_event_summary,latest_event_url,ma_expansion_events_365d,digital_it_vbc_jobs_90d,research_status,ai_uncertainty_notes,why_now,workflow_run_id,credits_data,credits_action
vim-001,payer,UnitedHealthcare,uhc.com,https://www.linkedin.com/company/unitedhealthcare,16974,Hospitals and Health Care,Review,10,"org_type, supported_ehr, specialty",org_type:unknown; supported_ehr:unknown; specialty:unknown; footprint:unknown; geography:yes; payer scorecard not defined yet,provider-v0-placeholder,,,unknown,,,,Unitedhealth Group Incorporated,structured,,,,,,partners_with,2026-09-26,"UnitedHealthcare, Cigna, and Centene launch shared credentialing program.",https://pakarkista.com/unitedhealthcare-cigna-centene-launch-credentialing.html,24,3,structured_only,,"UnitedHealthcare meets: org_type:unknown; supported_ehr:unknown; specialty:unknown; footprint:unknown; geography:yes; payer scorecard not defined yet. partners_with on 2026-09-26: UnitedHealthcare, Cigna, and Centene launch shared credentialing program.. Evidence: https://pakarkista.com/unitedhealthcare-cigna-centene-launch-credentialing.html. 3 digital/IT/VBC openings in the last 90 days.",wfr_655fe388406b337db92a44c22f581396,6.5,5
vim-002,payer,"Aetna, a CVS Health Company",aetna.com,https://www.linkedin.com/company/aetna,41157,Wellness and Fitness Services,Review,10,"org_type, supported_ehr, specialty",org_type:unknown; supported_ehr:unknown; specialty:unknown; footprint:unknown; geography:yes; payer scorecard not defined yet,provider-v0-placeholder,,,unknown,,,,CVS Health Corporation,structured,,,,,,acquires,2026-09-18,"* Ascension is selling its ownership stake in Mercy Care, a Medicaid insurer in Arizona, to CVS Health-owned Aetna as the nonprofit hospital giant continues trimming its portfolio.",https://www.healthcaredive.com/news/ascension-sells-ownership-in-arizona-medicaid-plan-to-aetna/830827,16,0,structured_only,,"Aetna, a CVS Health Company meets: org_type:unknown; supported_ehr:unknown; specialty:unknown; footprint:unknown; geography:yes; payer scorecard not defined yet. acquires on 2026-09-18: * Ascension is selling its ownership stake in Mercy Care, a Medicaid insurer in Arizona, to CVS Health-owned Aetna as the nonprofit hospital giant continues trimming its portfolio.. Evidence: https://www.healthcaredive.com/news/ascension-sells-ownership-in-arizona-medicaid-plan-to-aetna/830827.",wfr_487dd38dff378ba5dfa348828a60856a,6.5,4
vim-003,payer,Cigna Healthcare,cigna.com,https://www.linkedin.com/company/cignahealthcare,29395,Hospitals and Health Care,Review,10,"org_type, supported_ehr, specialty",org_type:unknown; supported_ehr:unknown; specialty:unknown; footprint:unknown; geography:yes; payer scorecard not defined yet,provider-v0-placeholder,,,unknown,,,,The Cigna Group,structured,,,,,,partners_with,2026-09-24,Baptist Health back in network with Cigna (video).,https://spotonflorida.com/northeast-florida/6280650/baptist-health-back-in-network.html,21,0,structured_only,,Cigna Healthcare meets: org_type:unknown; supported_ehr:unknown; specialty:unknown; footprint:unknown; geography:yes; payer scorecard not defined yet. partners_with on 2026-09-24: Baptist Health back in network with Cigna (video).. Evidence: https://spotonflorida.com/northeast-florida/6280650/baptist-health-back-in-network.html.,wfr_b6bc3cb0f55ed734951d8061d8fea610,6.5,4
vim-004,payer,Humana,humana.com,https://www.linkedin.com/company/humana,49196,Insurance,Review,10,"org_type, supported_ehr, specialty",org_type:unknown; supported_ehr:unknown; specialty:unknown; footprint:unknown; geography:yes; payer scorecard not defined yet,provider-v0-placeholder,,,unknown,,,,Humana Inc.,structured,,,,,,partners_with,2026-08-25,DaVita announces new value-based partnership with Humana to expand Care for Patients with chronic kidney disease.,https://newsroom.davita.com/2026-08-25-davita-announces-new-value-based-partnership-with-humana-to-expand-care-for-patients-with-chronic-kidney-disease,35,1,structured_only,,Humana meets: org_type:unknown; supported_ehr:unknown; specialty:unknown; footprint:unknown; geography:yes; payer scorecard not defined yet. partners_with on 2026-08-25: DaVita announces new value-based partnership with Humana to expand Care for Patients with chronic kidney disease.. Evidence: https://newsroom.davita.com/2026-08-25-davita-announces-new-value-based-partnership-with-humana-to-expand-care-for-patients-with-chronic-kidney-disease. 1 digital/IT/VBC openings in the last 90 days.,wfr_8e8e6149f55173b2a6d59b371c2d89ab,6.5,5
vim-005,payer,Elevance Health,elevancehealth.com,https://www.linkedin.com/company/elevance-health,44190,Hospitals and Health Care,Review,10,"org_type, supported_ehr, specialty",org_type:unknown; supported_ehr:unknown; specialty:unknown; footprint:unknown; geography:yes; payer scorecard not defined yet,provider-v0-placeholder,,,unknown,,,,"Elevance Health, Inc.",structured,,,,,,partners_with,2026-08-13,"Through this work, USAging and Elevance Health are seeking to increase awareness of the important role that nutrition, physical activity, social engagement, community support, health screening and vaccinations play in the overall health and well-being of older adults living in rural areas.",https://heartatworkonline.org/why-belonging-matters,6,1,structured_only,,"Elevance Health meets: org_type:unknown; supported_ehr:unknown; specialty:unknown; footprint:unknown; geography:yes; payer scorecard not defined yet. partners_with on 2026-08-13: Through this work, USAging and Elevance Health are seeking to increase awareness of the important role that nutrition, physical activity, social engagement, community support, health screening and vaccinations play in the overall health and well-being of older adults living in rural areas.. Evidence: https://heartatworkonline.org/why-belonging-matters. 1 digital/IT/VBC openings in the last 90 days.",wfr_c546858f04d583ba36fe0a11f8688fd9,6.5,5
vim-006,provider,VillageMD,villagemd.com,https://www.linkedin.com/company/villagemd,1644,Hospitals and Health Care,Review,70,supported_ehr,org_type:yes; supported_ehr:unknown; specialty:yes; footprint:yes; geography:yes,provider-v0-placeholder,primary care network,,unknown,,,athenahealth (patient portal login domain shown in search results; not independently quoted from VillageMD official portal text in the tool output),"Walgreens Boots Alliance, Inc.",structured,"Walgreens Boots Alliance, Inc.",,680,"Jan 5, 2023",https://www.villagemd.com/news/walgreens-has-200-villagemd-clinics-attached-to-stores-as-doctor-network-takes-off,merges_with,2026-04-06,"In 2022, CityMD merged with Village Practice Management Company, LLC (VillageMD).",https://www.jdsupra.com/legalnews/lessons-in-llc-governance-delaware-s-1954386,1,0,ai_fallback_used,"EHR vendor/system: Not explicitly established from available VillageMD official pages reviewed (careers, patient-portal page content, docs2docs video) or the provided official privacy policy PDF. A patient-portal login appears to use athenahealth (portal clue only), but this was not captured in an evidence snippet from the official VillageMD patient-portal/policy pages in the tool output, and it was not verified as the organization’s underlying EHR/practice-management system via an explicit statement.
Parent source: Although your structured data indicates VillageMD’s ultimate parent is Walgreens Boots Alliance, Inc., I did not retrieve a specific ownership/acquisition/filing URL in the remaining evidence collected for this run, so I cannot provide an accompanying supporting quote+URL here.
Location count: VillageMD publicly states “more than 680 locations across the U.S.” in a Jan 5, 2023 news article; I used this as the organization-reported count (no separate “exact” number or “as-of” coverage period beyond the publication date was found in the extracted quote).","VillageMD meets: org_type:yes; supported_ehr:unknown; specialty:yes; footprint:yes; geography:yes. merges_with on 2026-04-06: In 2022, CityMD merged with Village Practice Management Company, LLC (VillageMD).. Evidence: https://www.jdsupra.com/legalnews/lessons-in-llc-governance-delaware-s-1954386.",wfr_4064bae6935ab3674b066082057f003c,7.5,5
vim-007,provider,Oak Street Health,oakstreethealth.com,https://www.linkedin.com/company/oak-street-health,5278,Hospitals and Health Care,Review,70,supported_ehr,org_type:yes; supported_ehr:unknown; specialty:yes; footprint:yes; geography:yes,provider-v0-placeholder,primary care network,Canopy,research_with_evidence,https://www.oakstreethealth.com/news/oak-street-health-wins-ehr-innovation-award-in-2021-medtech-breakthrough-awards,"“Oak Street Health is recognized with the EHR Innovation Award for its proprietary technology platform, Canopy, which helps drive success of the Company’s value-based care model.”",,"Oak Street Health, Inc.",structured,,,67,"As of September 30, 2020",https://www.sec.gov/Archives/edgar/data/1564406/000119312521032347/R8.htm,,,,,0,5,ai_fallback_used,Parent/ultimate owner not re-researched because a structured parent value was already provided in the workflow input; no additional sourcing was performed for ultimate ownership in this run.,Oak Street Health: fit-led account; no verified recent trigger. Fit: org_type:yes; supported_ehr:unknown; specialty:yes; footprint:yes; geography:yes. 5 digital/IT/VBC openings in the last 90 days.,wfr_7153278a63db0a831fd88d97752ebec8,7.5,6
vim-008,provider,One Medical,onemedical.com,https://www.linkedin.com/company/one-medical-group,3353,Hospitals and Health Care,Review,70,supported_ehr,org_type:yes; supported_ehr:unknown; specialty:yes; footprint:yes; geography:yes,provider-v0-placeholder,primary care network,1Life (EHR and charting system),research_with_evidence,https://www.onemedical.com/blog/your-primary-care-experience/technology-one-medical/,“1Life’s heart is an EHR and charting system designed and built alongside clinicians…”,,"Amazon.com, Inc.",structured,"Amazon.com, Inc.",https://press.aboutamazon.com/2022/7/amazon-and-one-medical-sign-an-agreement-for-amazon-to-acquire-one-medical,107,"December 31, 2020",https://www.sec.gov/Archives/edgar/data/1404123/000156459021013897/onem-10k_20201231.htm,partners_with,2026-06-29,"The momentum of this partnership builds off last year's announcement that Amazon One Medical selected Montefiore as their integrated partner in Manhattan, the Bronx and the Hudson Valley.",https://westfaironline.com/latest-news/montefiore-einstein-advanced-care-in-westchester-to-include-one-medical-office,4,0,ai_fallback_used,"Location count reflects the count One Medical reported in its SEC filing (107 medical offices as of Dec 31, 2020). No more recent official clinic/location total (as of a later date) was found on One Medical’s own locations pages during this research.","One Medical meets: org_type:yes; supported_ehr:unknown; specialty:yes; footprint:yes; geography:yes. partners_with on 2026-06-29: The momentum of this partnership builds off last year's announcement that Amazon One Medical selected Montefiore as their integrated partner in Manhattan, the Bronx and the Hudson Valley.. Evidence: https://westfaironline.com/latest-news/montefiore-einstein-advanced-care-in-westchester-to-include-one-medical-office.",wfr_fa9abc83449c216f3857b10965d1ff6a,7.5,5
vim-009,provider,DaVita Kidney Care,davita.com,https://www.linkedin.com/company/davita,40424,Hospitals and Health Care,Review,70,supported_ehr,org_type:yes; supported_ehr:unknown; specialty:yes; footprint:yes; geography:yes,provider-v0-placeholder,specialty provider network,Epic,research_with_evidence,https://davitaphysiciansolutions.com/ckd-ehr/,“CKD EHR by Epic” and “Built in partnership with Epic” (DaVita Physician Solutions CKD EHR).,,Davita Inc.,structured,DaVita Inc.,https://www.sec.gov/Archives/edgar/data/927066/000092706618000030/dva-123117x10k.htm,3166,"As of December 31, 2024",https://investors.davita.com/2025-02-13-davita-inc-4th-quarter-2024-results/,invests_into,2026-09-09,"* New in 2025, the DaVita Giving Foundation made a four-year commitment of $1M to KaBoom!, the national nonprofit that works to create equal access to playspaces.",https://www.csr-company.com/blog/commitment-helping-communities-thrive-davita-community-care-report-2025,10,4,ai_fallback_used,"Portal vendor clue not established from provided evidence. Org type selected as closest match given DaVita Kidney Care runs dialysis (specialty provider network); if this should be modeled differently in your taxonomy, adjust accordingly. EHR evidence is for DaVita Physician Solutions’ “CKD EHR by Epic,” which is part of the DaVita ecosystem; the evidence does not separately name the core dialysis EHR used across all DaVita Kidney Care operations.","DaVita Kidney Care meets: org_type:yes; supported_ehr:unknown; specialty:yes; footprint:yes; geography:yes. invests_into on 2026-09-09: * New in 2025, the DaVita Giving Foundation made a four-year commitment of $1M to KaBoom!, the national nonprofit that works to create equal access to playspaces.. Evidence: https://www.csr-company.com/blog/commitment-helping-communities-thrive-davita-community-care-report-2025. 4 digital/IT/VBC openings in the last 90 days.",wfr_90230db64e6132c0205439b096c7a1be,7.5,6
vim-010,provider,LifeStance Health,lifestance.com,https://www.linkedin.com/company/lifestance-health,5652,Hospitals and Health Care,Review,70,supported_ehr,org_type:yes; supported_ehr:unknown; specialty:yes; footprint:yes; geography:yes,provider-v0-placeholder,specialty provider network,,unknown,,,AdvancedMD (patientportal.advancedmd.com),"LifeStance Health Group, Inc.",structured,"LifeStance Health Group, Inc.",https://lifestance.com/,550,Not stated (site states “over 550” without a date).,https://lifestance.com/location/,partners_with,2025-11-14,"Recent research from LifeStance Health in partnership with Researchscape International, conducted in 2025, reveals striking differences that help explain why so many families are struggling to connect across generational lines.",https://kyma.com/stacker-lifestyle/2025/11/15/how-gen-z-and-gen-x-differences-in-social-media-behavior-contribute-to-parent-child-generational-divide,2,0,ai_fallback_used,"EHR/practice-management system: While LifeStance’s patient portal login URLs point to AdvancedMD (patientportal.advancedmd.com), the available official sources found so far only explicitly document the portal brand—not that LifeStance clinicians/practice operations run AdvancedMD as their EHR/practice-management system. No reputable job/investor/press source was found that explicitly names the EHR/practice-management vendor LifeStance runs, so ehr is left unset. (Portal clue only: AdvancedMD.) Location count: LifeStance’s official locations page states “We have over 550 mental health clinics across 34 states…” but does not provide a precise integer nor an “as of” date; I used 550 as the closest numeric value consistent with “over 550.”","LifeStance Health meets: org_type:yes; supported_ehr:unknown; specialty:yes; footprint:yes; geography:yes. partners_with on 2025-11-14: Recent research from LifeStance Health in partnership with Researchscape International, conducted in 2025, reveals striking differences that help explain why so many families are struggling to connect across generational lines.. Evidence: https://kyma.com/stacker-lifestyle/2025/11/15/how-gen-z-and-gen-x-differences-in-social-media-behavior-contribute-to-parent-child-generational-divide.",wfr_a7eb1848f4017e579c5fb7ae016d741b,7.5,5
