source_row_id,segment,icp_model_account,clay_company_id,company_name,company_domain,company_linkedin_url,parent_name_hint,parent_hint_source,organization_npi,address,city,state,country,specialty,employee_count_linkedin,identity_note,hubspot_company_id,owner_id,lifecycle_stage,do_not_contact
vim-001,payer,false,33626243,UnitedHealthcare,uhc.com,https://www.linkedin.com/company/unitedhealthcare,UnitedHealth Group,clay_description,,,Minnetonka,MN,US,,16951,,,,,false
vim-002,payer,false,31619759,"Aetna, a CVS Health Company",aetna.com,https://www.linkedin.com/company/aetna,CVS Health,clay_description,,,Hartford,CT,US,,41131,Parent CVS Health also owns Oak Street Health: keep both as separate accounts,,,,false
vim-003,payer,false,20433793,Cigna Healthcare,cigna.com,https://www.linkedin.com/company/cignahealthcare,,,,,Bloomfield,CT,US,,29381,Evernorth is a separate LinkedIn entity; not merged,,,,false
vim-004,payer,false,30291322,Humana,humana.com,https://www.linkedin.com/company/humana,,,,,Louisville,KY,US,,49156,,,,,false
vim-005,payer,false,2469366,Elevance Health,elevancehealth.com,https://www.linkedin.com/company/elevance-health,,,,,Indianapolis,IN,US,,44163,"Shared domain: legacy 'Anthem, Inc.' entity 18532299 also resolves to elevancehealth.com; pinned to 2469366",,,,false
vim-006,provider,true,15946144,VillageMD,villagemd.com,https://www.linkedin.com/company/villagemd,,,,,Chicago,IL,US,primary care; multi-specialty; urgent care,1649,"LinkedIn headcount understates footprint (description: 20,000+ staff, 700 locations)",,,,false
vim-007,provider,true,26420863,Oak Street Health,oakstreethealth.com,https://www.linkedin.com/company/oak-street-health,CVS Health,clay_description,,,Chicago,IL,US,"primary care (Medicare, value-based)",5278,Parent CVS Health shared with Aetna,,,,false
vim-008,provider,true,34520624,One Medical,onemedical.com,https://www.linkedin.com/company/one-medical-group,,,,,San Francisco,CA,US,primary care,3339,Audience record name is legacy '1Life Healthcare',,,,false
vim-009,provider,true,14405981,DaVita Kidney Care,davita.com,https://www.linkedin.com/company/davita,,,,,Denver,CO,US,nephrology; dialysis,40410,,,,,false
vim-010,provider,true,25325124,LifeStance Health,lifestance.com,https://www.linkedin.com/company/lifestance-health,,,,,Scottsdale,AZ,US,behavioral health,5636,"Shared domain: 2 small practice entities (1600448, 3327234) also on lifestance.com; pinned to 25325124",,,,false
