account,domain,revops_found,leaders,managers,unclear_level,adjacent_found
Agilysys,agilysys.com,0,0,0,0,3
Agora,agora.io,0,0,0,0,0
Aily Labs,ailylabs.com,0,0,0,0,0
Alm Global,alm.com,0,0,0,0,0
Availity,availity.com,2,1,1,0,0
BeyondTrust,beyondtrust.com,3,3,0,0,0
Blue Ridge,blueridgeglobal.com,1,0,1,0,0
BlueAlly,blueally.com,1,1,0,0,0
Boldyn Networks,boldyn.com,0,0,0,0,5
Constant,,0,0,0,0,0
CPP Investments | Investissements RPC,cppib.com,0,0,0,0,3
CPP Investments | Investissements RPC,cppinvestments.com,0,0,0,0,3
CQ fluency,,1,0,1,0,0
Data Intensity,dataintensity.com,0,0,0,0,0
DDI | Development Dimensions International,ddiworld.com,0,0,0,0,3
Eightfold AI,eightfold.ai,2,1,1,0,0
First Advantage,fadv.com,3,3,0,0,0
Heath,heathus.com,0,0,0,0,0
IgniteTech,ignitetech.com,0,0,0,0,0
Impel.AI,impel.ai,1,0,1,0,0
IMSM,imsm.com,0,0,0,0,1
Intapp,intapp.com,2,1,1,0,0
Jefferson Dental & Orthodontics,,0,0,0,0,0
Kaseya,,14,5,6,3,0
Kastle Systems,kastle.com,1,1,0,0,0
Khoros,khoros.com,0,0,0,0,0
Kommo,kommo.com,0,0,0,0,0
Later,mavrck.co,0,0,0,0,0
LendingTree,lendingtree.com,1,0,1,0,0
Lexipol,lexipol.com,0,0,0,0,1
Mark43,mark43.com,0,0,0,0,2
Megaport,megaport.com,2,1,0,1,0
Mondee,mondee.com,0,0,0,0,1
Nirvana,meetnirvana.com,0,0,0,0,0
Numerix,numerix.com,1,1,0,0,0
OneTrust,onetrust.com,0,0,0,0,5
PowerPlan,powerplan.com,1,1,0,0,0
Raptor Technologies,raptortech.com,1,1,0,0,0
RBmedia,rbmediaglobal.com,0,0,0,0,0
RegEd,reged.com,0,0,0,0,1
Relias,relias.com,2,2,0,0,0
Revelo,revelo.com,0,0,0,0,0
Seclore,seclore.com,0,0,0,0,0
SecurityScorecard,securityscorecard.com,2,1,1,0,0
Seek Now,seek-now.com,0,0,0,0,1
Sitetracker,sitetracker.com,2,1,1,0,0
SonicWall,sonicwall.com,1,1,0,0,0
Sovos,sovos.com,0,0,0,0,4
Stefanini,stefanini.com,0,0,0,0,2
Synergy,,0,0,0,0,0
Tarro,,0,0,0,0,1
The Chicago Lighthouse,,0,0,0,0,0
thescoutlabs.com,thescoutlabs.com,0,0,0,0,0
TTEC Digital,serendebyte.com,0,0,0,0,2
Uphold,uphold.com,0,0,0,0,0
Versapay,versapay.com,2,1,1,0,0
Vim,getvim.com,1,0,1,0,0
Virgin Pulse (Personify Health),personifyhealth.com,1,0,1,0,0
Wonders,wondersco.com,0,0,0,0,0
World Insurance Associates,worldinsurance.com,0,0,0,0,1
YipitData,yipitdata.com,4,2,0,2,0
