account,account_domain,match_type,name,title,level,location,linkedin_url,start_date
Agilysys,agilysys.com,adjacent,Omar Almulla,Director of Business Operations,Leader,"Alpharetta, Georgia, United States",https://www.linkedin.com/in/omar-almulla-34b70a89/,2026-03
Agilysys,agilysys.com,adjacent,Rhonda Sue Repp,VP Sales Operations,Leader,"Aurora, Ohio, United States",https://www.linkedin.com/in/rhonda-sue-repp-262b256/,1998-05
Agilysys,agilysys.com,adjacent,Siby J,Business Operations Lead,Manager,"Chennai, Tamil Nadu, India",https://www.linkedin.com/in/siby-j-3128a442/,2018-11
Availity,availity.com,revops,Shanky K.,Head of Revenue Operations,Leader,"Chanhassen, Minnesota, United States",https://www.linkedin.com/in/shankykrishnan/,2025-11
Availity,availity.com,revops,Niea R.,"Supervisor, Revenue Operations Product Owner",Manager,"Jacksonville, Florida, United States",https://www.linkedin.com/in/nieawiggins/,2026-04
BeyondTrust,beyondtrust.com,revops,Christian Laws,"SVP, Revenue Operations",Leader,"Chicago, Illinois, United States",https://www.linkedin.com/in/christianlaws/,2025-04
BeyondTrust,beyondtrust.com,revops,John Brian Assaf,"Director, Deal Desk | GTM Pricing | RevOps",Leader,"Atlanta, Georgia, United States",https://www.linkedin.com/in/johnassaf/,2025-10
BeyondTrust,beyondtrust.com,revops,Leslie Hosier,"SVP, Revenue Operations",Leader,"Ball Ground, Georgia, United States",https://www.linkedin.com/in/leslie-hosier-5b479145/,2022-08
Blue Ridge,blueridgeglobal.com,revops,Olivia Lee,Revenue Operations Manager,Manager,United States,https://www.linkedin.com/in/olivia-lee-69196776/,2025-10
BlueAlly,blueally.com,revops,Jill Kavalsky,Senior Vice President Revenue Operations,Leader,"Baltimore City County, Maryland, United States",https://www.linkedin.com/in/jillkavalsky/,2025-06
Boldyn Networks,boldyn.com,adjacent,Amanda Fitch,"Senior Director, Commercial Operations, US",Leader,"Orange County, California, United States",https://www.linkedin.com/in/amandatfitch/,2023-06
Boldyn Networks,boldyn.com,adjacent,Michael Kaiser,"VP, Business Operations",Leader,"Atlanta, Georgia, United States",https://www.linkedin.com/in/michael-kaiser-a500051/,2018-04
Boldyn Networks,boldyn.com,adjacent,Trisha L Holmes,"VP, Sales Operations for Higher Ed (Apogee)",Leader,"Austin, Texas, United States",https://www.linkedin.com/in/trisha-l-holmes-73a95b26/,2019
Boldyn Networks,boldyn.com,adjacent,Nissrine Saraireh,Senior Business Operations Manager,Manager,"Bavaria, Germany",https://www.linkedin.com/in/saraireh/,2022-07
Boldyn Networks,boldyn.com,adjacent,Taimi Shanley,Sales Operations Manager,Manager,"Albany, New York Metropolitan Area, United States",https://www.linkedin.com/in/taimishanley/,2016-08
CPP Investments | Investissements RPC,cppib.com,adjacent,Alan Leung,Director - Private Investment Business Operations,Leader,"Toronto, Ontario, Canada",https://www.linkedin.com/in/alan-leung-12688a2/,2024-05
CPP Investments | Investissements RPC,cppib.com,adjacent,Abby Xiong,"Manager, Private Investments Business Operations",Manager,"Toronto, Ontario, Canada",https://www.linkedin.com/in/abby-xiong/,2024-08
CPP Investments | Investissements RPC,cppib.com,adjacent,Emily Stones,"Business Operations Manager, Private Investments Operations",Manager,"Oshawa, Ontario, Canada",https://www.linkedin.com/in/emily-stones-97916231/,2021-06
CQ fluency,,revops,Michelle Belisle,Revenue Operations Manager,Manager,"Greater Hartford, United States",https://www.linkedin.com/in/michellebelisle/,2026-06
DDI | Development Dimensions International,ddiworld.com,adjacent,Jane Whitmore,"Vice President, US Sales Operations",Leader,"Glen Allen, Virginia, United States",https://www.linkedin.com/in/jane-whitmore-6551ba1/,1985-05
DDI | Development Dimensions International,ddiworld.com,adjacent,Emily Kershaw,Sales Operations Lead,Manager,"Greater London, England, United Kingdom",https://www.linkedin.com/in/emily-kershaw-68322018/,2021-07
DDI | Development Dimensions International,ddiworld.com,adjacent,TEJAS VIJ,"Manager  - Business Operations, Administration & IT Infra, India",Manager,"Mumbai, Maharashtra, India",https://www.linkedin.com/in/tejas-vij-b9815646/,2014-11
Eightfold AI,eightfold.ai,revops,Emily Zhang,VP Rev Ops and Strategy,Leader,San Francisco Bay Area,https://www.linkedin.com/in/emily-zhang-6b138568/,2026-05
Eightfold AI,eightfold.ai,revops,Mukhtiyar Hussain,"Manager, Revenue Operations",Manager,"Delhi, India",https://www.linkedin.com/in/mukhtiyar-hussain-7a24a4b8/,2024-02
First Advantage,fadv.com,revops,Catherine Smith,VP of Revenue Operations,Leader,"Atlanta, Georgia, United States",https://www.linkedin.com/in/catherine-smith-1508a52b/,2026-05
First Advantage,fadv.com,revops,Jessica Hubbard,Director - Revenue Operations (Technology & Transformation),Leader,"United States, United States",https://www.linkedin.com/in/hubbardjessica/,2025-02
First Advantage,fadv.com,revops,Kimberley Haley,SVP Revenue Operations,Leader,New York City Metropolitan Area,https://www.linkedin.com/in/kimberleyhaley/,2026-01
Impel.AI,impel.ai,revops,Cecilia Hall,Revenue Operations Manager,Manager,"Syracuse, New York, United States",https://www.linkedin.com/in/cecilia-hall-30b224168/,2026-01
IMSM,imsm.com,adjacent,Nichole Pintsopoulos,Sr. Sales Operations and Project Manager of North America,Manager,"North Myrtle Beach, South Carolina, United States",https://www.linkedin.com/in/nichole-pintsopoulos-5a23b7a5/,2025-01
Intapp,intapp.com,revops,Christine Danna,Revenue Operations Director,Leader,"San Jose, California, United States",https://www.linkedin.com/in/christine-danna-62aa2a4/,2026-06
Intapp,intapp.com,revops,Golrokh Epspein,Enterprise Revenue Operations Manager,Manager,"Chicago, Illinois, United States",https://www.linkedin.com/in/golrokh-epspein-152880415/,2018-08
Kaseya,,revops,Andrea Zepeda,Director of Revenue Operations,Leader,"Miami, Florida, United States",https://www.linkedin.com/in/andrea-zepeda-a9767831/,2026-02
Kaseya,,revops,Georgi Lezeu,Director of Revenue Operations,Leader,Ireland,https://www.linkedin.com/in/georgi-lezeu-4181a598/,2026-02
Kaseya,,revops,Jonas K. Samsioe,VP/Head Of Sales & Revenue Operations,Leader,"Miami, Florida, United States",https://www.linkedin.com/in/samsioe/,2018-11
Kaseya,,revops,Maria Paula Murillo Moreno,Director of Revenue Operations,Leader,"Miami, Florida, United States",https://www.linkedin.com/in/mariapaulamurillo/,2026-02
Kaseya,,revops,Sujit Kumar,Director of Revenue Operations,Leader,"Bengaluru, Karnataka, India",https://www.linkedin.com/in/sujit-kumar-a01b494b/,2026-02
Kaseya,,revops,Bob Hegseth,Revenue Operations Manager,Manager,"Fargo, North Dakota, United States",https://www.linkedin.com/in/bob-hegseth-a60269160/,2025-08
Kaseya,,revops,Corina Briceno,"Manager, Revenue Operations",Manager,"United States, United States",https://www.linkedin.com/in/corina-briceno/,2026-03
Kaseya,,revops,"Jenny Derne, MBA, PMP, CSM","Sr. Program Manager, Revenue Operations",Manager,Miami-Fort Lauderdale Area,https://www.linkedin.com/in/jenny-derne-mba-pmp-csm-556807138/,2025-02
Kaseya,,revops,Juliana Marulanda Rivera,Manager Rev Ops Process and Enablement,Manager,"Medellín, Antioquia, Colombia",https://www.linkedin.com/in/jmarulandar/,2025-09
Kaseya,,revops,Mags E.,"Manager, RevOps Process & Enablement",Manager,"Greater Sydney Area, Australia",https://www.linkedin.com/in/magsesporlas/,2026-05
Kaseya,,revops,Shameer Khan,Manager Revops,Manager,"Bengaluru, Karnataka, India",https://www.linkedin.com/in/shameer-khan-7419b4220/,2026-02
Kaseya,,revops,Cindy Lisbeth López Calvillo,RevOps IQ,Unclear,"Guatemala City, Guatemala, Guatemala",https://www.linkedin.com/in/cindy-lisbeth-lópez-calvillo-9a5809276/,2023-07
Kaseya,,revops,Jennie Fang,Senior Deal Desk - RevOps,Unclear,"The Rocks, New South Wales, Australia",https://www.linkedin.com/in/jiani-fang/,2025-01
Kaseya,,revops,Nilaj Mandal,Revenue operations,Unclear,"India, India",https://www.linkedin.com/in/nilaj-mandal/,2024-10
Kastle Systems,kastle.com,revops,Ruth Davis,Senior Director of Revenue Operations,Leader,"Oklahoma City, Oklahoma, United States",https://www.linkedin.com/in/ruthdavis627/,2026-08
LendingTree,lendingtree.com,revops,Tonya Sierra,Senior Manager - Revenue Operations & Analytics,Manager,"Seattle, Washington, United States",https://www.linkedin.com/in/tonyasierra/,2021-03
Lexipol,lexipol.com,adjacent,Lesley Pfeifer-Moore,"Senior Director, Sales Operations",Leader,"Saratoga Springs, New York, United States",https://www.linkedin.com/in/lesley-pfeifer-moore-a9485a73/,2026-04
Mark43,mark43.com,adjacent,Ashish Babaria,Senior Sales Operations Manager,Manager,"Livingston, New Jersey, United States",https://www.linkedin.com/in/ashish-babaria-33b95426/,2025-04
Mark43,mark43.com,adjacent,Kate Bloom,Sales Operations Manager,Manager,"Denver, Colorado, United States",https://www.linkedin.com/in/kate-bloom/,2026-04
Megaport,megaport.com,revops,Clay Swenson,Director of Revenue Operations,Leader,"San Antonio, Texas, United States",https://www.linkedin.com/in/clay-swenson/,2026-08
Megaport,megaport.com,revops,Maureen N.,Revenue Operations,Unclear,Washington DC-Baltimore Area,https://www.linkedin.com/in/maureennewsome/,2025-11
Mondee,mondee.com,adjacent,Michael Mabrouk,"Senior Vice President, Sales, Operations, and Special Projects",Leader,"San Luis Obispo, California, United States",https://www.linkedin.com/in/michael-mabrouk/,2018
Numerix,numerix.com,revops,Gregg Harting,VP Revenue Operations,Leader,New York City Metropolitan Area,https://www.linkedin.com/in/greggaharting/,2023-01
OneTrust,onetrust.com,adjacent,Juan Muñoz Perea,Global GTM Sales Ops Director,Leader,"Madrid, Community of Madrid, Spain",https://www.linkedin.com/in/juanmunozrevenueops/,2024-09
OneTrust,onetrust.com,adjacent,Ryan White,"Director, GTM Operations & Intelligence",Leader,"Liverpool, England",https://www.linkedin.com/in/ryanwhitebi/,2025-06
OneTrust,onetrust.com,adjacent,Daniel Mariano,Sales Operations Manager,Manager,España,https://www.linkedin.com/in/danielmarianor/,2026-03
OneTrust,onetrust.com,adjacent,Kirsty Pullen,Senior Global Sales Operations Manager,Manager,"London, England, United Kingdom",https://www.linkedin.com/in/kirsty-pullen-1bb99760/,2021-11
OneTrust,onetrust.com,adjacent,Melanie Lim,Business Operations Senior Manager,Manager,"New York, New York, United States",https://www.linkedin.com/in/melanie-lim-7629b465/,2025-01
PowerPlan,powerplan.com,revops,Meagan Lloyd,Head of Revenue Operations,Leader,Atlanta Metropolitan Area,https://www.linkedin.com/in/meagan-lloyd/,2025-09
Raptor Technologies,raptortech.com,revops,Michelle Amato,Senior Director of Revenue Operations,Leader,"Roseville, California, United States",https://www.linkedin.com/in/michelle-amato1/,2025-12
RegEd,reged.com,adjacent,Lorraine Carver,"EVP - Head of Sales Operations, Sales Enablement, and Training",Leader,"Asheville, North Carolina, United States",https://www.linkedin.com/in/lorrainecarver/,2020-07
Relias,relias.com,revops,Laurie Wade,"Senior Vice President, Revenue Operations",Leader,Raleigh-Durham-Chapel Hill Area,https://www.linkedin.com/in/lauriewade/,2026-06
Relias,relias.com,revops,Sam Griffin,"Director, Revenue Operations",Leader,"Raleigh, North Carolina, United States",https://www.linkedin.com/in/samuel-griffin/,2026-08
SecurityScorecard,securityscorecard.com,revops,Matt Stankiewicz,Senior Director - Revenue Operations & GTM Strategy,Leader,Greater Chicago Area,https://www.linkedin.com/in/mattstankiewicz/,2026-04
SecurityScorecard,securityscorecard.com,revops,Raj (Rachit) S.,Principal GTM Systems Architect - RevOps,Manager,"New York, United States",https://www.linkedin.com/in/raj-s-18437096/,2026-06
Seek Now,seek-now.com,adjacent,Josh Z.,"Director, Sales Operations And Enablement",Leader,Greater Chicago Area,https://www.linkedin.com/in/josh-z-4244a3b5/,2026-01
Sitetracker,sitetracker.com,revops,Jeff Bartlett,Director of Revenue Operations,Leader,San Francisco Bay Area,https://www.linkedin.com/in/jeff-bartlett-693339a3/,2026-08
Sitetracker,sitetracker.com,revops,Ryan Carroll,Revenue Operations Manager,Manager,"London, England, United Kingdom",https://www.linkedin.com/in/ryan-carroll-5aa03a113/,2026-08
SonicWall,sonicwall.com,revops,Darryl B.,Director of Revenue Operations,Leader,San Francisco Bay Area,https://www.linkedin.com/in/darrylbadong/,2026-06
Sovos,sovos.com,adjacent,Frederique Sheldon,Sales Operations Strategy Manager,Manager,"Brighton, England, United Kingdom",https://www.linkedin.com/in/frederiquesheldon/,2025-03
Sovos,sovos.com,adjacent,Fulya Bakioglu,"Manager, EMEA Sales Operations",Manager,"Istanbul, Turkey",https://www.linkedin.com/in/fulya-bakioglu-b7ab806/,2022-11
Sovos,sovos.com,adjacent,Joshua Johnston,Global Partner Sales Operations Manager,Manager,"Canton, Georgia, United States",https://www.linkedin.com/in/johnstonjoshua/,2022-08
Sovos,sovos.com,adjacent,Maria Roselia Medina,Sales Operations Manager - Norte América,Manager,Chile,https://www.linkedin.com/in/maria-roselia-medina/,2026-01
Stefanini,stefanini.com,adjacent,Alexsandro Silva,Business Operations Manager - Digital Workplace Services - IT Asset Management,Manager,"Campinas, São Paulo, Brazil",https://www.linkedin.com/in/alexsandr0silva/,2025-03
Stefanini,stefanini.com,adjacent,"Eduardo Biss Lourenço, MBA, CSM, CSPO, PM3",Global Senior Product Manager - Digital Business Operations @Dell Technologies - US Company,Manager,"Curitiba, Paraná, Brazil",https://www.linkedin.com/in/eduardobiss/,2026-01
Tarro,,adjacent,Jared Sarmiento,"Director, Business Operations and Strategy",Leader,Metro Manila,https://www.linkedin.com/in/jaredsarmiento/,2025-03
TTEC Digital,serendebyte.com,adjacent,Rita Wunderlich,Director Sales Operations,Leader,United States,https://www.linkedin.com/in/rita-wunderlich-38372520/,2022-01
TTEC Digital,serendebyte.com,adjacent,Stacey Schmidtke,"Manager, Sales Operations • Digital Cloud Services-130",Manager,Greater Minneapolis-St. Paul Area,https://www.linkedin.com/in/stacey-schmidtke-749a247/,2022-01
Versapay,versapay.com,revops,Rosie C.,Senior Director of Revenue Operations,Leader,"New York, New York, United States",https://www.linkedin.com/in/rosie-cordero/,2026-01
Versapay,versapay.com,revops,David J Varney,Revenue Operations Manager,Manager,"Spanish Fork, Utah, United States",https://www.linkedin.com/in/david-j-varney-60820453/,2026-02
Vim,getvim.com,revops,Daryl Rosh,Revenue Operations Manager,Manager,"New York, New York, United States",https://www.linkedin.com/in/daryl-rosh/,2025-01
Virgin Pulse (Personify Health),personifyhealth.com,revops,Dennis Lenhard,Revenue Operations Manager,Manager,"North Tonawanda, New York, United States",https://www.linkedin.com/in/lenharddennis/,2026-06
World Insurance Associates,worldinsurance.com,adjacent,Carl Stream,Sales Operations Manager,Manager,"Greater Chicago Area, United States",https://www.linkedin.com/in/carlstream/,2024-10
YipitData,yipitdata.com,revops,Jason Joiner,Senior Director of Revenue Operations,Leader,"Austin, Texas, United States",https://www.linkedin.com/in/jasonjoiner/,2025-07
YipitData,yipitdata.com,revops,João Dias,Director of Revenue Operations,Leader,"New York, New York, United States",https://www.linkedin.com/in/joaodias17/,2026-08
YipitData,yipitdata.com,revops,Keith Thackston,Revenue Operations,Unclear,Greater Chicago Area,https://www.linkedin.com/in/keith-thackston-70a49b5/,2022-06
YipitData,yipitdata.com,revops,Kunal Mapara,Revenue Operations,Unclear,"Ahmedabad, Gujarat, India",https://www.linkedin.com/in/kunal-mapara-b7383b54/,2023-08
