airport_domain,airport_name,iata_code,icao_code,city,country,region,annual_passengers_m_2024_est,passenger_volume_tier,operator_model,airport_authority_name,airport_authority_domain,parent_authority_name,parent_authority_domain,terminal_operators,has_separate_terminal_operators,buying_center_count,enrichment_domain,enrichment_domain_differs,systems_owner_note,trade_associations,airport_publications,procurement_system,primary_language,account_tier
atl.com,Hartsfield-Jackson Atlanta International Airport,ATL,KATL,"Atlanta, GA",United States,North America,108,Mega hub (70M+),Municipal department,City of Atlanta Department of Aviation,atl.com,City of Atlanta,atlantaga.gov,,No,2,atl.com,No,Single-operator airport: authority runs all terminals; airline-leased gates only. IT/systems owned by Dept of Aviation Technology division under City of Atlanta CIO shared services.,ACI-NA; AAAE; ACI World,Airport Improvement Magazine; Airport Experience News; Passenger Terminal Today; International Airport Review; Airport Technology; AviationPros; ACI-NA Centerlines; Aviation Week Network,City of Atlanta procurement portal,English,Tier 1
dfwairport.com,Dallas Fort Worth International Airport,DFW,KDFW,"Dallas-Fort Worth, TX",United States,North America,88,Mega hub (70M+),Independent joint-owner board,DFW International Airport Board,dfwairport.com,Cities of Dallas & Fort Worth (joint owners),,,No,1,dfwairport.com,No,Self-operated terminals A-E. Strong standalone IT organization with its own CIO and CISO; not dependent on city shared services.,ACI-NA; AAAE; ACI World; Texas Airports Council (TxDOT Aviation),Airport Improvement Magazine; Airport Experience News; Passenger Terminal Today; International Airport Review; Airport Technology; AviationPros; ACI-NA Centerlines; Aviation Week Network,DFW Business Diversity / Bonfire,English,Tier 1
flydenver.com,Denver International Airport,DEN,KDEN,"Denver, CO",United States,North America,82,Mega hub (70M+),Municipal department,City and County of Denver Department of Aviation (Denver International Airport),flydenver.com,City and County of Denver,denvergov.org,,No,2,flydenver.com,No,Authority-operated concourses A/B/C. Great Hall program is a named capital program with its own delivery org.,ACI-NA; AAAE; ACI World,Airport Improvement Magazine; Airport Experience News; Passenger Terminal Today; International Airport Review; Airport Technology; AviationPros; ACI-NA Centerlines; Aviation Week Network,Denver BidNet / City procurement,English,Tier 1
flychicago.com,Chicago O'Hare International Airport,ORD,KORD,"Chicago, IL",United States,North America,80,Mega hub (70M+),Municipal department,Chicago Department of Aviation,flychicago.com,City of Chicago,chicago.gov,,No,2,flychicago.com,No,"CDA operates ORD and MDW on one domain (flychicago.com) - domain maps to TWO airports, so IATA code is required to disambiguate rows.",ACI-NA; AAAE; ACI World,Airport Improvement Magazine; Airport Experience News; Passenger Terminal Today; International Airport Review; Airport Technology; AviationPros; ACI-NA Centerlines; Aviation Week Network,City of Chicago eProcurement,English,Tier 1
flylax.com,Los Angeles International Airport,LAX,KLAX,"Los Angeles, CA",United States,North America,77,Mega hub (70M+),Municipal airport authority,Los Angeles World Airports (LAWA),lawa.org,City of Los Angeles,lacity.gov,,No,2,lawa.org,Yes,"LAWA is the airport-wide authority and also operates ONT-adjacent assets historically; LAX terminals largely airline-leased (Delta T2/3, AA T4/5, United T7/8) with airline-led renovations.",ACI-NA; AAAE; ACI World; California Airports Council,Airport Improvement Magazine; Airport Experience News; Passenger Terminal Today; International Airport Review; Airport Technology; AviationPros; ACI-NA Centerlines; Aviation Week Network,LAWA Procurement Services / RAMP,English,Tier 1
harryreidairport.com,Harry Reid International Airport,LAS,KLAS,"Las Vegas, NV",United States,North America,58,Large hub (45-70M),County department,Clark County Department of Aviation,harryreidairport.com,"Clark County, Nevada",clarkcountynv.gov,,No,2,harryreidairport.com,No,County-run; IT under Department of Aviation but procurement flows through Clark County. Buyer often sits at county level.,ACI-NA; AAAE; ACI World,Airport Improvement Magazine; Airport Experience News; Passenger Terminal Today; International Airport Review; Airport Technology; AviationPros; ACI-NA Centerlines; Aviation Week Network,Clark County procurement,English,Tier 2
cltairport.com,Charlotte Douglas International Airport,CLT,KCLT,"Charlotte, NC",United States,North America,59,Large hub (45-70M),Municipal department,City of Charlotte Aviation Department,cltairport.com,City of Charlotte,charlottenc.gov,,No,2,cltairport.com,No,Single-operator hub dominated by American Airlines. Destination CLT capital program.,ACI-NA; AAAE; ACI World,Airport Improvement Magazine; Airport Experience News; Passenger Terminal Today; International Airport Review; Airport Technology; AviationPros; ACI-NA Centerlines; Aviation Week Network,City of Charlotte procurement,English,Tier 2
orlandoairports.net,Orlando International Airport,MCO,KMCO,"Orlando, FL",United States,North America,57,Large hub (45-70M),Independent public authority,Greater Orlando Aviation Authority (GOAA),orlandoairports.net,,,,No,1,orlandoairports.net,No,GOAA operates MCO and ORL. Terminal C is authority-built and authority-operated; strong in-house IT and a named biometric/passenger-processing program.,ACI-NA; AAAE; ACI World; Florida Airports Council,Airport Improvement Magazine; Airport Experience News; Passenger Terminal Today; International Airport Review; Airport Technology; AviationPros; ACI-NA Centerlines; Aviation Week Network,GOAA procurement / Bonfire,English,Tier 2
miami-airport.com,Miami International Airport,MIA,KMIA,"Miami, FL",United States,North America,56,Large hub (45-70M),County department,Miami-Dade Aviation Department (MDAD),miami-airport.com,Miami-Dade County,miamidade.gov,,No,2,miami-airport.com,No,MDAD runs MIA plus four GA airports. Procurement and IT governance run through Miami-Dade County ITD as well as MDAD - dual-path buyer.,ACI-NA; AAAE; ACI World; Florida Airports Council,Airport Improvement Magazine; Airport Experience News; Passenger Terminal Today; International Airport Review; Airport Technology; AviationPros; ACI-NA Centerlines; Aviation Week Network,Miami-Dade County procurement,English,Tier 2
portseattle.org,Seattle-Tacoma International Airport,SEA,KSEA,"Seattle, WA",United States,North America,53,Large hub (45-70M),Port authority,Port of Seattle Aviation Division,portseattle.org,Port of Seattle,portseattle.org,,No,1,portseattle.org,No,"PORT is the parent: domain portseattle.org covers seaport + airport, so airport-specific people must be filtered by division. Airport also markets as seatacairport.com.",ACI-NA; AAAE; ACI World,Airport Improvement Magazine; Airport Experience News; Passenger Terminal Today; International Airport Review; Airport Technology; AviationPros; ACI-NA Centerlines; Aviation Week Network,Port of Seattle procurement,English,Tier 2
skyharbor.com,Phoenix Sky Harbor International Airport,PHX,KPHX,"Phoenix, AZ",United States,North America,52,Large hub (45-70M),Municipal department,City of Phoenix Aviation Department,skyharbor.com,City of Phoenix,phoenix.gov,,No,2,skyharbor.com,No,"City department operating PHX, DVT, GEU. Terminal 3/4 modernization programs.",ACI-NA; AAAE; ACI World,Airport Improvement Magazine; Airport Experience News; Passenger Terminal Today; International Airport Review; Airport Technology; AviationPros; ACI-NA Centerlines; Aviation Week Network,City of Phoenix eProcurement,English,Tier 2
jfkairport.com,John F. Kennedy International Airport,JFK,KJFK,"New York, NY",United States,North America,63,Large hub (45-70M),Landlord authority + private terminal operators,Port Authority of New York and New Jersey (Aviation Dept),panynj.gov,Port Authority of New York and New Jersey,panynj.gov,JFKIAT (Terminal 4) | jfkiat.com; New Terminal One consortium (Terminal 1) | anewterminalone.com; JFK Millennium Partners (Terminal 6) | jfkmillenniumpartners.com; American Airlines (Terminal 8) | aa.com; Delta Air Lines (Terminals 2/4 ops) | delta.com,Yes,6,panynj.gov,Yes,"HIGHEST separation value on the list. PANYNJ owns airport-wide infrastructure, security and the $19B redevelopment; each terminal operator buys its OWN passenger systems, baggage and terminal IT. Three distinct buyer paths.",ACI-NA; AAAE; ACI World,Airport Improvement Magazine; Airport Experience News; Passenger Terminal Today; International Airport Review; Airport Technology; AviationPros; ACI-NA Centerlines; Aviation Week Network,PANYNJ procurement (Ariba),English,Tier 1
laguardiaairport.com,LaGuardia Airport,LGA,KLGA,"New York, NY",United States,North America,33,Mid hub (30-45M),Landlord authority + private terminal operators,Port Authority of New York and New Jersey (Aviation Dept),panynj.gov,Port Authority of New York and New Jersey,panynj.gov,LaGuardia Gateway Partners (Terminal B) | laguardiab.com; Delta Air Lines (Terminal C) | delta.com,Yes,3,panynj.gov,Yes,"Terminal B is a full private concession (LGP) with its own CEO, CIO-equivalent and procurement. Terminal C is Delta-run. Authority retains AirTrain/roadway/central systems.",ACI-NA; AAAE; ACI World,Airport Improvement Magazine; Airport Experience News; Passenger Terminal Today; International Airport Review; Airport Technology; AviationPros; ACI-NA Centerlines; Aviation Week Network,PANYNJ procurement (Ariba),English,Tier 1
newarkairport.com,Newark Liberty International Airport,EWR,KEWR,"Newark, NJ",United States,North America,49,Large hub (45-70M),Landlord authority,Port Authority of New York and New Jersey (Aviation Dept),panynj.gov,Port Authority of New York and New Jersey,panynj.gov,Munich Airport NJ LLC (Terminal A operations & commercial) | munich-airport.com; United Airlines (Terminals B/C anchor tenant) | united.com,Yes,3,panynj.gov,Yes,"Terminal A is PANYNJ-delivered but OPERATED under contract by Munich Airport NJ LLC (a Flughafen Muenchen subsidiary) - so the Terminal A buyer is a German airport operator, not the Port Authority. Same parent authority as JFK and LGA: dedupe people outreach at the PANYNJ level.",ACI-NA; AAAE; ACI World,Airport Improvement Magazine; Airport Experience News; Passenger Terminal Today; International Airport Review; Airport Technology; AviationPros; ACI-NA Centerlines; Aviation Week Network,PANYNJ procurement (Ariba),English,Tier 1
flysfo.com,San Francisco International Airport,SFO,KSFO,"San Francisco, CA",United States,North America,47,Large hub (45-70M),Municipal airport commission,"San Francisco International Airport (SFO), City and County of San Francisco",flysfo.com,City and County of San Francisco,sf.gov,,No,2,flysfo.com,No,Airport Commission governance. Mature in-house IT and a well-documented biometric/digital identity program; publishes its own tech roadmap.,ACI-NA; AAAE; ACI World; California Airports Council,Airport Improvement Magazine; Airport Experience News; Passenger Terminal Today; International Airport Review; Airport Technology; AviationPros; ACI-NA Centerlines; Aviation Week Network,SFO / SF City procurement,English,Tier 2
fly2houston.com,George Bush Intercontinental Airport,IAH,KIAH,"Houston, TX",United States,North America,46,Large hub (45-70M),Municipal airport system,Houston Airport System (HAS),fly2houston.com,City of Houston,houstontx.gov,,No,2,fly2houston.com,No,"HAS runs IAH, HOU and EFD on ONE domain - domain is not unique per airport, so IATA disambiguation is required. IAH Terminal B/D redevelopment program.",ACI-NA; AAAE; ACI World; Texas Airports Council (TxDOT Aviation),Airport Improvement Magazine; Airport Experience News; Passenger Terminal Today; International Airport Review; Airport Technology; AviationPros; ACI-NA Centerlines; Aviation Week Network,City of Houston / HAS procurement,English,Tier 2
bostonlogan.com,Boston Logan International Airport,BOS,KBOS,"Boston, MA",United States,North America,44,Mid hub (30-45M),Independent port authority,Massachusetts Port Authority (Massport) Aviation,massport.com,Massachusetts Port Authority,massport.com,,No,1,massport.com,Yes,Massport is the parent (seaport + airport + Worcester/Hanscom). Primary corporate domain is massport.com; bostonlogan.com is the passenger-facing brand - both must be kept on the row.,ACI-NA; AAAE; ACI World,Airport Improvement Magazine; Airport Experience News; Passenger Terminal Today; International Airport Review; Airport Technology; AviationPros; ACI-NA Centerlines; Aviation Week Network,Massport procurement / COMMBUYS,English,Tier 2
mspairport.com,Minneapolis-Saint Paul International Airport,MSP,KMSP,"Minneapolis, MN",United States,North America,35,Mid hub (30-45M),Independent public commission,Metropolitan Airports Commission (MAC),metroairports.org,,,,No,1,metroairports.org,Yes,MAC is a public corporation running MSP + six reliever airports. Corporate domain metroairports.org differs from passenger domain mspairport.com - people search must use the corporate domain.,ACI-NA; AAAE; ACI World,Airport Improvement Magazine; Airport Experience News; Passenger Terminal Today; International Airport Review; Airport Technology; AviationPros; ACI-NA Centerlines; Aviation Week Network,MAC procurement,English,Tier 2
phl.org,Philadelphia International Airport,PHL,KPHL,"Philadelphia, PA",United States,North America,31,Mid hub (30-45M),Municipal division,City of Philadelphia Division of Aviation,phl.org,City of Philadelphia,phila.gov,,No,2,phl.org,No,City division running PHL and PNE. Capital program with terminal and baggage modernization scope.,ACI-NA; AAAE; ACI World,Airport Improvement Magazine; Airport Experience News; Passenger Terminal Today; International Airport Review; Airport Technology; AviationPros; ACI-NA Centerlines; Aviation Week Network,City of Philadelphia eContract Philly,English,Tier 2
metroairport.com,Detroit Metropolitan Wayne County Airport,DTW,KDTW,"Detroit, MI",United States,North America,32,Mid hub (30-45M),Independent county authority,Wayne County Airport Authority (WCAA),metroairport.com,,,Delta Air Lines (McNamara Terminal anchor) | delta.com,Yes,2,metroairport.com,No,WCAA is legally independent of Wayne County government despite the name - do not route to county IT. Runs DTW and YIP.,ACI-NA; AAAE; ACI World,Airport Improvement Magazine; Airport Experience News; Passenger Terminal Today; International Airport Review; Airport Technology; AviationPros; ACI-NA Centerlines; Aviation Week Network,WCAA procurement,English,Tier 2
flydulles.com,Washington Dulles International Airport,IAD,KIAD,"Washington, DC",United States,North America,27,Small hub (<30M),Independent regional authority,Metropolitan Washington Airports Authority (MWAA),mwaa.com,Metropolitan Washington Airports Authority,mwaa.com,,No,1,mwaa.com,Yes,MWAA is the parent for BOTH IAD and DCA and also operates the Dulles Toll Road / Silver Line delivery. Corporate domain mwaa.com - dedupe people against the DCA row.,ACI-NA; AAAE; ACI World,Airport Improvement Magazine; Airport Experience News; Passenger Terminal Today; International Airport Review; Airport Technology; AviationPros; ACI-NA Centerlines; Aviation Week Network,MWAA procurement,English,Tier 3
flyreagan.com,Ronald Reagan Washington National Airport,DCA,KDCA,"Washington, DC",United States,North America,25,Small hub (<30M),Independent regional authority,Metropolitan Washington Airports Authority (MWAA),mwaa.com,Metropolitan Washington Airports Authority,mwaa.com,,No,1,mwaa.com,Yes,Same parent authority as IAD. Shared CIO/CISO and shared procurement - treat IAD + DCA as ONE buying center with two physical assets.,ACI-NA; AAAE; ACI World,Airport Improvement Magazine; Airport Experience News; Passenger Terminal Today; International Airport Review; Airport Technology; AviationPros; ACI-NA Centerlines; Aviation Week Network,MWAA procurement,English,Tier 3
slcairport.com,Salt Lake City International Airport,SLC,KSLC,"Salt Lake City, UT",United States,North America,28,Small hub (<30M),Municipal department,Salt Lake City Department of Airports,slcairport.com,Salt Lake City Corporation,slc.gov,,No,2,slcairport.com,No,"Completed a full greenfield terminal rebuild (New SLC) - now in systems-optimization rather than build phase, which changes the offer.",ACI-NA; AAAE; ACI World,Airport Improvement Magazine; Airport Experience News; Passenger Terminal Today; International Airport Review; Airport Technology; AviationPros; ACI-NA Centerlines; Aviation Week Network,Salt Lake City procurement,English,Tier 3
san.org,San Diego International Airport,SAN,KSAN,"San Diego, CA",United States,North America,25,Small hub (<30M),Independent regional authority,San Diego County Regional Airport Authority,san.org,,,,No,1,san.org,No,"Independent authority, not a city department. New Terminal 1 program is a large active capital delivery with its own program-management org.",ACI-NA; AAAE; ACI World; California Airports Council,Airport Improvement Magazine; Airport Experience News; Passenger Terminal Today; International Airport Review; Airport Technology; AviationPros; ACI-NA Centerlines; Aviation Week Network,San Diego Airport Authority / Bonfire,English,Tier 3
tampaairport.com,Tampa International Airport,TPA,KTPA,"Tampa, FL",United States,North America,26,Small hub (<30M),Independent county authority,Hillsborough County Aviation Authority (HCAA),tampaairport.com,,,,No,1,tampaairport.com,No,HCAA runs TPA plus three GA airports. Independent of county government. Airside D and SkyCenter expansion programs.,ACI-NA; AAAE; ACI World; Florida Airports Council,Airport Improvement Magazine; Airport Experience News; Passenger Terminal Today; International Airport Review; Airport Technology; AviationPros; ACI-NA Centerlines; Aviation Week Network,HCAA procurement / Bonfire,English,Tier 3
flynashville.com,Nashville International Airport,BNA,KBNA,"Nashville, TN",United States,North America,23,Small hub (<30M),Independent metropolitan authority,Metropolitan Nashville Airport Authority (MNAA),flynashville.com,,,,No,1,flynashville.com,No,MNAA runs BNA and JWN. BNA Vision / New Horizon capital programs; among the fastest-growing US mid-size hubs.,ACI-NA; AAAE; ACI World,Airport Improvement Magazine; Airport Experience News; Passenger Terminal Today; International Airport Review; Airport Technology; AviationPros; ACI-NA Centerlines; Aviation Week Network,MNAA procurement,English,Tier 3
austintexas.gov,Austin-Bergstrom International Airport,AUS,KAUS,"Austin, TX",United States,North America,22,Small hub (<30M),Municipal department,City of Austin Department of Aviation,austintexas.gov,City of Austin,austintexas.gov,,No,1,austintexas.gov,No,"WARNING: no dedicated corporate domain - shares austintexas.gov with all of city government, so domain-based people enrichment WILL return non-airport staff. Must filter by department. Journey With AUS expansion program.",ACI-NA; AAAE; ACI World; Texas Airports Council (TxDOT Aviation),Airport Improvement Magazine; Airport Experience News; Passenger Terminal Today; International Airport Review; Airport Technology; AviationPros; ACI-NA Centerlines; Aviation Week Network,City of Austin procurement,English,Tier 3
bwiairport.com,Baltimore/Washington International Thurgood Marshall Airport,BWI,KBWI,"Baltimore, MD",United States,North America,27,Small hub (<30M),State aviation administration,Maryland Aviation Administration (MAA),bwiairport.com,Maryland Department of Transportation,mdot.maryland.gov,,No,2,bwiairport.com,No,State-DOT-owned model (distinct from city/county/authority peers). IT and procurement governance sit partly at MDOT level - buyer may be at the state.,ACI-NA; AAAE; ACI World,Airport Improvement Magazine; Airport Experience News; Passenger Terminal Today; International Airport Review; Airport Technology; AviationPros; ACI-NA Centerlines; Aviation Week Network,Maryland eMMA / MDOT procurement,English,Tier 3
torontopearson.com,Toronto Pearson International Airport,YYZ,CYYZ,"Toronto, ON",Canada,North America,46,Large hub (45-70M),Not-for-profit airport authority,Greater Toronto Airports Authority (GTAA),gtaa.com,,,,No,1,gtaa.com,Yes,GTAA is a private not-for-profit corporation leasing from Transport Canada. Corporate domain gtaa.com vs passenger domain torontopearson.com. Terminal 1/3 modernization + LINK program.,Canadian Airports Council; ACI-NA; ACI World,Airport Improvement Magazine; Airport Experience News; Passenger Terminal Today; International Airport Review; Airport Technology; AviationPros; ACI-NA Centerlines; Aviation Week Network,GTAA procurement / MERX,English,Tier 2
yvr.ca,Vancouver International Airport,YVR,CYVR,"Vancouver, BC",Canada,North America,26,Small hub (<30M),Not-for-profit airport authority,Vancouver Airport Authority,yvr.ca,,,,No,1,yvr.ca,No,Community-based not-for-profit authority. Runs its own innovation/technology arm and has commercialized its own systems IP.,Canadian Airports Council; ACI-NA; ACI World,Airport Improvement Magazine; Airport Experience News; Passenger Terminal Today; International Airport Review; Airport Technology; AviationPros; ACI-NA Centerlines; Aviation Week Network,YVR procurement / MERX,English,Tier 3
admtl.com,Montreal-Trudeau International Airport,YUL,CYUL,"Montreal, QC",Canada,North America,22,Small hub (<30M),Not-for-profit airport authority,Aeroports de Montreal (ADM),admtl.com,,,,No,1,admtl.com,No,ADM runs YUL and Mirabel cargo. French-language procurement and press; Claygent must search FR-language sources.,Canadian Airports Council; ACI-NA; ACI World,Airport Improvement Magazine; Airport Experience News; Passenger Terminal Today; International Airport Review; Airport Technology; AviationPros; ACI-NA Centerlines; Aviation Week Network,ADM procurement / SEAO Quebec,French/English,Tier 3
aicm.com.mx,Mexico City International Airport,MEX,MMMX,Mexico City,Mexico,Latin America,45,Large hub (45-70M),State-owned operator (military-administered),Aeropuerto Internacional de la Ciudad de Mexico (AICM),aicm.com.mx,Government of Mexico (SEDENA-administered),gob.mx,,No,2,aicm.com.mx,No,"Administered by SEDENA (defence ministry) since 2021 - procurement is federal/military, not commercial. Very different sales path from the rest of the list; treat as public-sector federal.",ACI Latin America-Caribbean (ACI-LAC); ACI World,Aviacionline; A21 (MX); AEROIN (BR); International Airport Review; Passenger Terminal Today; Airport Technology; Aviation Week Network; ACI-LAC Media,CompraNet (federal MX),Spanish,Tier 2
gru.com.br,Sao Paulo/Guarulhos International Airport,GRU,SBGR,Sao Paulo,Brazil,Latin America,43,Mid hub (30-45M),Private concession,GRU Airport - Concessionaria do Aeroporto Internacional de Sao Paulo,gru.com.br,Invepar / concession consortium,invepar.com.br,,No,2,gru.com.br,No,"30-year private concession under ANAC regulation. Commercial procurement, Portuguese-language sources. Concession economics drive capex timing.",ACI Latin America-Caribbean (ACI-LAC); ACI World,Aviacionline; A21 (MX); AEROIN (BR); International Airport Review; Passenger Terminal Today; Airport Technology; Aviation Week Network; ACI-LAC Media,Private concession RFP + ANAC filings,Portuguese,Tier 2
eldorado.aero,El Dorado International Airport (Bogota),BOG,SKBO,Bogota,Colombia,Latin America,44,Mid hub (30-45M),Private concession,Opain S.A.,eldorado.aero,Opain consortium / Aeronautica Civil (grantor),aerocivil.gov.co,,No,2,eldorado.aero,No,Opain holds the terminal concession; Aerocivil retains airside/ATC. Buyer split between concessionaire and civil aviation authority. Spanish-language sources.,ACI Latin America-Caribbean (ACI-LAC); ACI World,Aviacionline; A21 (MX); AEROIN (BR); International Airport Review; Passenger Terminal Today; Airport Technology; Aviation Week Network; ACI-LAC Media,Opain private RFP + SECOP (CO public),Spanish,Tier 2
heathrow.com,London Heathrow Airport,LHR,EGLL,London,United Kingdom,Europe,84,Mega hub (70M+),Private airport company,Heathrow Airport Limited,heathrow.com,Heathrow Airport Holdings (Ardian / PIF-led consortium),heathrow.com,British Airways (Terminal 5 anchor) | britishairways.com,Yes,2,heathrow.com,No,"Fully private, CAA-regulated (RAB model) - capex is set in regulatory settlements (H7), so procurement timing follows the regulatory cycle, not annual budgets. Third-runway/expansion decision is the dominant signal.",ACI EUROPE; ACI World; Airport Operators Association (AOA UK),International Airport Review; Passenger Terminal Today; Airport Technology; Airport Industry Review; Airport Business (EMEA); Aviation Week Network; ACI EUROPE Media; Air Cargo News,Heathrow supplier portal / Jaggaer,English,Tier 1
gatwickairport.com,London Gatwick Airport,LGW,EGKK,London,United Kingdom,Europe,43,Mid hub (30-45M),Private airport company,Gatwick Airport Limited,gatwickairport.com,VINCI Airports (majority) / Global Infrastructure Partners,vinci-airports.com,,No,2,gatwickairport.com,No,"VINCI Airports is the parent group - VINCI runs 70+ airports and centralizes some technology standards, so a group-level buyer exists ABOVE the airport. Northern Runway project is the live capital signal.",ACI EUROPE; ACI World; Airport Operators Association (AOA UK),International Airport Review; Passenger Terminal Today; Airport Technology; Airport Industry Review; Airport Business (EMEA); Aviation Week Network; ACI EUROPE Media; Air Cargo News,Gatwick supplier portal / VINCI group sourcing,English,Tier 2
parisaeroport.fr,Paris-Charles de Gaulle Airport,CDG,LFPG,Paris,France,Europe,70,Mega hub (70M+),Listed airport group (state-majority),Aeroports de Paris (Groupe ADP),adp.fr,Groupe ADP,adp.fr,,No,1,adp.fr,Yes,Groupe ADP operates CDG + ORY + LBG and holds stakes in TAV Airports and GMR - group-level CIO/CISO plus airport-level teams. Corporate domain adp.fr differs from the passenger domain parisaeroport.fr (the row key). FR-language sources; EU TED tenders.,ACI EUROPE; ACI World; Union des Aeroports Francais (UAF),International Airport Review; Passenger Terminal Today; Airport Technology; Airport Industry Review; Airport Business (EMEA); Aviation Week Network; ACI EUROPE Media; Air Cargo News,Groupe ADP e-sourcing / EU TED,French,Tier 1
schiphol.nl,Amsterdam Airport Schiphol,AMS,EHAM,Amsterdam,Netherlands,Europe,67,Large hub (45-70M),State/municipal-owned airport group,Royal Schiphol Group,schiphol.nl,"Royal Schiphol Group (Dutch State, Amsterdam, Rotterdam)",schiphol.nl,,No,1,schiphol.nl,No,Schiphol Group also owns Rotterdam-The Hague and Eindhoven and holds a JFK T4 stake - the group is itself a terminal operator abroad. Publishes detailed multi-year capital and digital plans. EU TED tenders.,ACI EUROPE; ACI World,International Airport Review; Passenger Terminal Today; Airport Technology; Airport Industry Review; Airport Business (EMEA); Aviation Week Network; ACI EUROPE Media; Air Cargo News,Schiphol sourcing / EU TED,Dutch/English,Tier 1
frankfurt-airport.com,Frankfurt Airport,FRA,EDDF,Frankfurt,Germany,Europe,63,Large hub (45-70M),Listed airport group (state-anchored),Fraport AG,fraport.com,Fraport AG,fraport.com,Lufthansa (Terminal 1 anchor) | lufthansa.com,Yes,2,fraport.com,Yes,"Fraport is a global operator (Greece, Brazil, Peru, Antalya) with a group IT organization - a group-level buyer sits above FRA. Terminal 3 is a multi-billion active build. Corporate domain fraport.com.",ACI EUROPE; ACI World; ADV (Arbeitsgemeinschaft Deutscher Verkehrsflughaefen),International Airport Review; Passenger Terminal Today; Airport Technology; Airport Industry Review; Airport Business (EMEA); Aviation Week Network; ACI EUROPE Media; Air Cargo News,Fraport supplier portal / EU TED,German,Tier 1
aena.es,Adolfo Suarez Madrid-Barajas Airport,MAD,LEMD,Madrid,Spain,Europe,66,Large hub (45-70M),Listed national network operator,"Aena S.M.E., S.A.",aena.es,Aena (Spanish State majority via ENAIRE),aena.es,,No,1,aena.es,No,"CRITICAL: Aena operates 46 Spanish airports on ONE domain. There is no MAD-specific domain or MAD-specific CIO - the buyer is the Aena network organization. Row is really 'Aena network, MAD as flagship'. EU TED tenders.",ACI EUROPE; ACI World,International Airport Review; Passenger Terminal Today; Airport Technology; Airport Industry Review; Airport Business (EMEA); Aviation Week Network; ACI EUROPE Media; Air Cargo News,Aena Plataforma de Contratacion / EU TED,Spanish,Tier 1
istairport.com,Istanbul Airport,IST,LTFM,Istanbul,Turkey,Europe,80,Mega hub (70M+),Private BOT concession,iGA Airport Operations (Istanbul Grand Airport),istairport.com,iGA consortium (Limak / Kalyon / Cengiz),,,No,1,istairport.com,No,25-year build-operate-transfer concession - iGA is a purpose-built operating company with its own full C-suite including CIO/CTO. Greenfield digital estate; strong public technology posture.,ACI EUROPE; ACI World,International Airport Review; Passenger Terminal Today; Airport Technology; Airport Industry Review; Airport Business (EMEA); Aviation Week Network; ACI EUROPE Media; Air Cargo News,iGA private RFP,Turkish,Tier 1
munich-airport.com,Munich Airport,MUC,EDDM,Munich,Germany,Europe,42,Mid hub (30-45M),State-owned airport company,Flughafen Muenchen GmbH (FMG),munich-airport.com,Bavaria / Federal Republic / City of Munich,,,No,1,munich-airport.com,No,"FMG sells airport operations expertise through Munich Airport International (MAI), which OPERATES Terminal A at Newark (EWR) and manages airports in Bulgaria, Honduras and El Salvador - a peer operator and competitor as well as a buyer. EU TED tenders; DE-language sources.",ACI EUROPE; ACI World; ADV (Arbeitsgemeinschaft Deutscher Verkehrsflughaefen),International Airport Review; Passenger Terminal Today; Airport Technology; Airport Industry Review; Airport Business (EMEA); Aviation Week Network; ACI EUROPE Media; Air Cargo News,FMG supplier portal / EU TED,German,Tier 2
flughafen-zuerich.ch,Zurich Airport,ZRH,LSZH,Zurich,Switzerland,Europe,31,Mid hub (30-45M),Listed airport company (canton-anchored),Flughafen Zuerich AG,flughafen-zuerich.ch,Flughafen Zuerich AG (Canton of Zurich anchor shareholder),,,No,1,flughafen-zuerich.ch,No,Also operates concessions in Brazil and India (Noida/Jewar) - international portfolio creates group-level technology decisions. DE-language sources.,ACI EUROPE; ACI World,International Airport Review; Passenger Terminal Today; Airport Technology; Airport Industry Review; Airport Business (EMEA); Aviation Week Network; ACI EUROPE Media; Air Cargo News,Flughafen Zuerich sourcing,German,Tier 2
dublinairport.com,Dublin Airport,DUB,EIDW,Dublin,Ireland,Europe,33,Mid hub (30-45M),State-owned airport company,daa (Dublin Airport Authority),daa.ie,daa plc (Irish State),daa.ie,,No,1,daa.ie,Yes,daa also runs Cork and a large international retail/management arm (ARI). Corporate domain daa.ie vs passenger dublinairport.com. Passenger cap regulation is the dominant live policy signal. EU TED tenders.,ACI EUROPE; ACI World,International Airport Review; Passenger Terminal Today; Airport Technology; Airport Industry Review; Airport Business (EMEA); Aviation Week Network; ACI EUROPE Media; Air Cargo News,daa e-tenders / EU TED,English,Tier 2
dubaiairports.ae,Dubai International Airport,DXB,OMDB,Dubai,United Arab Emirates,Middle East,92,Mega hub (70M+),Government-owned operator,Dubai Airports,dubaiairports.ae,Government of Dubai,,Emirates (Terminal 3 exclusive) | emirates.com; dnata (ground/cargo handling) | dnata.com,Yes,3,dubaiairports.ae,No,Dubai Airports is a thin asset-owner/operator that outsources heavily; Emirates and dnata own large parts of the passenger and baggage estate. The announced move to Al Maktoum (DWC) is a generational capital signal.,ACI Asia-Pacific & Middle East; ACI World,Aviation Business Middle East; Arabian Aerospace; International Airport Review; Passenger Terminal Today; Airport Technology; Airport Industry Review; Aviation Week Network; Air Cargo News,Dubai Airports / Dubai Government eSupply,English/Arabic,Tier 1
dohahamadairport.com,Hamad International Airport,DOH,OTHH,Doha,Qatar,Middle East,53,Large hub (45-70M),Airline-group-owned operator,MATAR (Qatar Company for Airports Operation & Management),dohahamadairport.com,Qatar Airways Group,qatarairways.com,Qatar Aviation Services (handling) | qas.com.qa,Yes,3,dohahamadairport.com,No,Owned and run by the airline group - so the airport buyer and the airline buyer are the SAME parent. Expansion phases C/D are active. Treat Qatar Airways Group as the true account.,ACI Asia-Pacific & Middle East; ACI World,Aviation Business Middle East; Arabian Aerospace; International Airport Review; Passenger Terminal Today; Airport Technology; Airport Industry Review; Aviation Week Network; Air Cargo News,Qatar Airways Group / MATAR tenders,English/Arabic,Tier 1
changiairport.com,Singapore Changi Airport,SIN,WSSS,Singapore,Singapore,Asia-Pacific,68,Large hub (45-70M),Government-linked airport company,Changi Airport Group (CAG),changiairport.com,Changi Airport Group (Temasek-held),,,No,1,changiairport.com,No,"CAG also runs Changi Airports International (consulting/concessions abroad) and is widely treated as the global reference airport for passenger technology - high bar, strong in-house capability, active Terminal 5 mega-program.",ACI Asia-Pacific & Middle East; ACI World,Asian Aviation; International Airport Review; Passenger Terminal Today; Airport Technology; Airport Industry Review; Aviation Week Network; Air Cargo News; ACI Asia-Pacific Media,CAG procurement / GeBIZ,English,Tier 1
tokyo-haneda.com,Tokyo International Airport (Haneda),HND,RJTT,Tokyo,Japan,Asia-Pacific,86,Mega hub (70M+),Split: state airside + private terminal companies,Tokyo International Air Terminal Corporation (TIAT) / Japan Airport Terminal Co.,tokyo-airport-bldg.co.jp,"Ministry of Land, Infrastructure, Transport and Tourism (MLIT) - airside",mlit.go.jp,Japan Airport Terminal Co. (Terminals 1/2 domestic) | tokyo-airport-bldg.co.jp; Tokyo International Air Terminal Corp / TIAT (Terminal 3 international) | tiat.co.jp,Yes,4,tokyo-airport-bldg.co.jp,Yes,"STRUCTURALLY the most split account: MLIT owns runways/airside, Japan Airport Terminal Co. (listed) runs domestic terminals, TIAT runs the international terminal. Three separate buying centers, no single airport-wide IT owner. JP-language sources.",ACI Asia-Pacific & Middle East; ACI World,Asian Aviation; International Airport Review; Passenger Terminal Today; Airport Technology; Airport Industry Review; Aviation Week Network; Air Cargo News; ACI Asia-Pacific Media,MLIT public tender + private terminal RFP,Japanese,Tier 1
airport.kr,Incheon International Airport,ICN,RKSI,Seoul,South Korea,Asia-Pacific,71,Mega hub (70M+),State-owned corporation,Incheon International Airport Corporation (IIAC),airport.kr,Government of South Korea (MOLIT),molit.go.kr,,No,2,airport.kr,No,"IIAC is a public corporation with a formal, published procurement process and a strong smart-airport / biometric program. KR-language sources; public tender notices are the primary signal.",ACI Asia-Pacific & Middle East; ACI World,Asian Aviation; International Airport Review; Passenger Terminal Today; Airport Technology; Airport Industry Review; Aviation Week Network; Air Cargo News; ACI Asia-Pacific Media,IIAC e-procurement / KONEPS,Korean,Tier 1
sydneyairport.com.au,Sydney Airport,SYD,YSSY,Sydney,Australia,Asia-Pacific,41,Mid hub (30-45M),Private airport company,Sydney Airport (Sydney Airport Corporation Limited),sydneyairport.com.au,Sydney Aviation Alliance (IFM Investors-led consortium),,,No,1,sydneyairport.com.au,No,"Taken private in 2022 by an IFM-led consortium - now unlisted, so financial disclosure dropped and Claygent must lean on consortium/investor reporting. Competes with the new Western Sydney (Nancy-Bird Walton) airport.",ACI Asia-Pacific & Middle East; ACI World,Asian Aviation; International Airport Review; Passenger Terminal Today; Airport Technology; Airport Industry Review; Aviation Week Network; Air Cargo News; ACI Asia-Pacific Media,Sydney Airport procurement,English,Tier 2
