airport_domain,iata_code,airport_name,buying_center_name,buying_center_domain,role,terminal_or_asset,is_primary_buyer,owns_budget_for,target_titles,notes
atl.com,ATL,Hartsfield-Jackson Atlanta International Airport,City of Atlanta Department of Aviation,atl.com,Airport-wide authority,Airport-wide,Yes,"Airport-wide network & OT, common-use passenger systems (CUPPS/CUSS), AODB/RMS, airport-wide cybersecurity, access control & perimeter, capital delivery programs, airfield systems, master-plan IT",CIO; Chief Information Officer; CISO; Director of IT; VP Technology; Chief Innovation Officer; Director of Airport Operations; COO; Chief Development Officer; VP Capital Programs; Director of Procurement; Chief Security Officer,Single-operator airport: authority runs all terminals; airline-leased gates only. IT/systems owned by Dept of Aviation Technology division under City of Atlanta CIO shared services.
atl.com,ATL,Hartsfield-Jackson Atlanta International Airport,City of Atlanta,atlantaga.gov,Parent authority (multi-asset),Enterprise / multi-airport,No,"Enterprise IT standards, enterprise cybersecurity & identity, group procurement & vendor master agreements, shared data platform, capital program governance across multiple assets",Group CIO; Group CISO; Chief Technology Officer; SVP Enterprise IT; Chief Procurement Officer; Director of Enterprise Architecture; Chief Digital Officer,Parent layer; verify whether IT is centralized here or at the airport.
dfwairport.com,DFW,Dallas Fort Worth International Airport,DFW International Airport Board,dfwairport.com,Airport-wide authority,Airport-wide,Yes,"Airport-wide network & OT, common-use passenger systems (CUPPS/CUSS), AODB/RMS, airport-wide cybersecurity, access control & perimeter, capital delivery programs, airfield systems, master-plan IT",CIO; Chief Information Officer; CISO; Director of IT; VP Technology; Chief Innovation Officer; Director of Airport Operations; COO; Chief Development Officer; VP Capital Programs; Director of Procurement; Chief Security Officer,Self-operated terminals A-E. Strong standalone IT organization with its own CIO and CISO; not dependent on city shared services.
flydenver.com,DEN,Denver International Airport,City and County of Denver Department of Aviation (Denver International Airport),flydenver.com,Airport-wide authority,Airport-wide,Yes,"Airport-wide network & OT, common-use passenger systems (CUPPS/CUSS), AODB/RMS, airport-wide cybersecurity, access control & perimeter, capital delivery programs, airfield systems, master-plan IT",CIO; Chief Information Officer; CISO; Director of IT; VP Technology; Chief Innovation Officer; Director of Airport Operations; COO; Chief Development Officer; VP Capital Programs; Director of Procurement; Chief Security Officer,Authority-operated concourses A/B/C. Great Hall program is a named capital program with its own delivery org.
flydenver.com,DEN,Denver International Airport,City and County of Denver,denvergov.org,Parent authority (multi-asset),Enterprise / multi-airport,No,"Enterprise IT standards, enterprise cybersecurity & identity, group procurement & vendor master agreements, shared data platform, capital program governance across multiple assets",Group CIO; Group CISO; Chief Technology Officer; SVP Enterprise IT; Chief Procurement Officer; Director of Enterprise Architecture; Chief Digital Officer,Parent layer; verify whether IT is centralized here or at the airport.
flychicago.com,ORD,Chicago O'Hare International Airport,Chicago Department of Aviation,flychicago.com,Airport-wide authority,Airport-wide,Yes,"Airport-wide network & OT, common-use passenger systems (CUPPS/CUSS), AODB/RMS, airport-wide cybersecurity, access control & perimeter, capital delivery programs, airfield systems, master-plan IT",CIO; Chief Information Officer; CISO; Director of IT; VP Technology; Chief Innovation Officer; Director of Airport Operations; COO; Chief Development Officer; VP Capital Programs; Director of Procurement; Chief Security Officer,"CDA operates ORD and MDW on one domain (flychicago.com) - domain maps to TWO airports, so IATA code is required to disambiguate rows."
flychicago.com,ORD,Chicago O'Hare International Airport,City of Chicago,chicago.gov,Parent authority (multi-asset),Enterprise / multi-airport,No,"Enterprise IT standards, enterprise cybersecurity & identity, group procurement & vendor master agreements, shared data platform, capital program governance across multiple assets",Group CIO; Group CISO; Chief Technology Officer; SVP Enterprise IT; Chief Procurement Officer; Director of Enterprise Architecture; Chief Digital Officer,Parent layer; verify whether IT is centralized here or at the airport.
flylax.com,LAX,Los Angeles International Airport,Los Angeles World Airports (LAWA),lawa.org,Airport-wide authority,Airport-wide,Yes,"Airport-wide network & OT, common-use passenger systems (CUPPS/CUSS), AODB/RMS, airport-wide cybersecurity, access control & perimeter, capital delivery programs, airfield systems, master-plan IT",CIO; Chief Information Officer; CISO; Director of IT; VP Technology; Chief Innovation Officer; Director of Airport Operations; COO; Chief Development Officer; VP Capital Programs; Director of Procurement; Chief Security Officer,"LAWA is the airport-wide authority and also operates ONT-adjacent assets historically; LAX terminals largely airline-leased (Delta T2/3, AA T4/5, United T7/8) with airline-led renovations."
flylax.com,LAX,Los Angeles International Airport,City of Los Angeles,lacity.gov,Parent authority (multi-asset),Enterprise / multi-airport,No,"Enterprise IT standards, enterprise cybersecurity & identity, group procurement & vendor master agreements, shared data platform, capital program governance across multiple assets",Group CIO; Group CISO; Chief Technology Officer; SVP Enterprise IT; Chief Procurement Officer; Director of Enterprise Architecture; Chief Digital Officer,Parent layer; verify whether IT is centralized here or at the airport.
harryreidairport.com,LAS,Harry Reid International Airport,Clark County Department of Aviation,harryreidairport.com,Airport-wide authority,Airport-wide,Yes,"Airport-wide network & OT, common-use passenger systems (CUPPS/CUSS), AODB/RMS, airport-wide cybersecurity, access control & perimeter, capital delivery programs, airfield systems, master-plan IT",CIO; Chief Information Officer; CISO; Director of IT; VP Technology; Chief Innovation Officer; Director of Airport Operations; COO; Chief Development Officer; VP Capital Programs; Director of Procurement; Chief Security Officer,County-run; IT under Department of Aviation but procurement flows through Clark County. Buyer often sits at county level.
harryreidairport.com,LAS,Harry Reid International Airport,"Clark County, Nevada",clarkcountynv.gov,Parent authority (multi-asset),Enterprise / multi-airport,No,"Enterprise IT standards, enterprise cybersecurity & identity, group procurement & vendor master agreements, shared data platform, capital program governance across multiple assets",Group CIO; Group CISO; Chief Technology Officer; SVP Enterprise IT; Chief Procurement Officer; Director of Enterprise Architecture; Chief Digital Officer,Parent layer; verify whether IT is centralized here or at the airport.
cltairport.com,CLT,Charlotte Douglas International Airport,City of Charlotte Aviation Department,cltairport.com,Airport-wide authority,Airport-wide,Yes,"Airport-wide network & OT, common-use passenger systems (CUPPS/CUSS), AODB/RMS, airport-wide cybersecurity, access control & perimeter, capital delivery programs, airfield systems, master-plan IT",CIO; Chief Information Officer; CISO; Director of IT; VP Technology; Chief Innovation Officer; Director of Airport Operations; COO; Chief Development Officer; VP Capital Programs; Director of Procurement; Chief Security Officer,Single-operator hub dominated by American Airlines. Destination CLT capital program.
cltairport.com,CLT,Charlotte Douglas International Airport,City of Charlotte,charlottenc.gov,Parent authority (multi-asset),Enterprise / multi-airport,No,"Enterprise IT standards, enterprise cybersecurity & identity, group procurement & vendor master agreements, shared data platform, capital program governance across multiple assets",Group CIO; Group CISO; Chief Technology Officer; SVP Enterprise IT; Chief Procurement Officer; Director of Enterprise Architecture; Chief Digital Officer,Parent layer; verify whether IT is centralized here or at the airport.
orlandoairports.net,MCO,Orlando International Airport,Greater Orlando Aviation Authority (GOAA),orlandoairports.net,Airport-wide authority,Airport-wide,Yes,"Airport-wide network & OT, common-use passenger systems (CUPPS/CUSS), AODB/RMS, airport-wide cybersecurity, access control & perimeter, capital delivery programs, airfield systems, master-plan IT",CIO; Chief Information Officer; CISO; Director of IT; VP Technology; Chief Innovation Officer; Director of Airport Operations; COO; Chief Development Officer; VP Capital Programs; Director of Procurement; Chief Security Officer,GOAA operates MCO and ORL. Terminal C is authority-built and authority-operated; strong in-house IT and a named biometric/passenger-processing program.
miami-airport.com,MIA,Miami International Airport,Miami-Dade Aviation Department (MDAD),miami-airport.com,Airport-wide authority,Airport-wide,Yes,"Airport-wide network & OT, common-use passenger systems (CUPPS/CUSS), AODB/RMS, airport-wide cybersecurity, access control & perimeter, capital delivery programs, airfield systems, master-plan IT",CIO; Chief Information Officer; CISO; Director of IT; VP Technology; Chief Innovation Officer; Director of Airport Operations; COO; Chief Development Officer; VP Capital Programs; Director of Procurement; Chief Security Officer,MDAD runs MIA plus four GA airports. Procurement and IT governance run through Miami-Dade County ITD as well as MDAD - dual-path buyer.
miami-airport.com,MIA,Miami International Airport,Miami-Dade County,miamidade.gov,Parent authority (multi-asset),Enterprise / multi-airport,No,"Enterprise IT standards, enterprise cybersecurity & identity, group procurement & vendor master agreements, shared data platform, capital program governance across multiple assets",Group CIO; Group CISO; Chief Technology Officer; SVP Enterprise IT; Chief Procurement Officer; Director of Enterprise Architecture; Chief Digital Officer,Parent layer; verify whether IT is centralized here or at the airport.
portseattle.org,SEA,Seattle-Tacoma International Airport,Port of Seattle Aviation Division,portseattle.org,Airport-wide authority,Airport-wide,Yes,"Airport-wide network & OT, common-use passenger systems (CUPPS/CUSS), AODB/RMS, airport-wide cybersecurity, access control & perimeter, capital delivery programs, airfield systems, master-plan IT",CIO; Chief Information Officer; CISO; Director of IT; VP Technology; Chief Innovation Officer; Director of Airport Operations; COO; Chief Development Officer; VP Capital Programs; Director of Procurement; Chief Security Officer,"PORT is the parent: domain portseattle.org covers seaport + airport, so airport-specific people must be filtered by division. Airport also markets as seatacairport.com."
skyharbor.com,PHX,Phoenix Sky Harbor International Airport,City of Phoenix Aviation Department,skyharbor.com,Airport-wide authority,Airport-wide,Yes,"Airport-wide network & OT, common-use passenger systems (CUPPS/CUSS), AODB/RMS, airport-wide cybersecurity, access control & perimeter, capital delivery programs, airfield systems, master-plan IT",CIO; Chief Information Officer; CISO; Director of IT; VP Technology; Chief Innovation Officer; Director of Airport Operations; COO; Chief Development Officer; VP Capital Programs; Director of Procurement; Chief Security Officer,"City department operating PHX, DVT, GEU. Terminal 3/4 modernization programs."
skyharbor.com,PHX,Phoenix Sky Harbor International Airport,City of Phoenix,phoenix.gov,Parent authority (multi-asset),Enterprise / multi-airport,No,"Enterprise IT standards, enterprise cybersecurity & identity, group procurement & vendor master agreements, shared data platform, capital program governance across multiple assets",Group CIO; Group CISO; Chief Technology Officer; SVP Enterprise IT; Chief Procurement Officer; Director of Enterprise Architecture; Chief Digital Officer,Parent layer; verify whether IT is centralized here or at the airport.
jfkairport.com,JFK,John F. Kennedy International Airport,Port Authority of New York and New Jersey (Aviation Dept),panynj.gov,Airport-wide authority,Airport-wide,Yes,"Airport-wide network & OT, common-use passenger systems (CUPPS/CUSS), AODB/RMS, airport-wide cybersecurity, access control & perimeter, capital delivery programs, airfield systems, master-plan IT",CIO; Chief Information Officer; CISO; Director of IT; VP Technology; Chief Innovation Officer; Director of Airport Operations; COO; Chief Development Officer; VP Capital Programs; Director of Procurement; Chief Security Officer,"HIGHEST separation value on the list. PANYNJ owns airport-wide infrastructure, security and the $19B redevelopment; each terminal operator buys its OWN passenger systems, baggage and terminal IT. Three distinct buyer paths."
jfkairport.com,JFK,John F. Kennedy International Airport,JFKIAT,jfkiat.com,Terminal operator,Terminal 4,No,"In-terminal IT & networks, baggage handling (BHS) and its controls, passenger processing (check-in, self-bag-drop, boarding, biometrics), terminal operations systems, retail/F&B systems, terminal-level cyber",CEO (terminal company); CIO / Head of IT; Director of Terminal Operations; Head of Baggage Systems; Head of Passenger Experience; Director of Engineering; Procurement Manager; Head of Digital,Buys independently of the airport-wide authority. Do not assume authority-level contracts cover this asset.
jfkairport.com,JFK,John F. Kennedy International Airport,New Terminal One consortium,anewterminalone.com,Terminal operator,Terminal 1,No,"In-terminal IT & networks, baggage handling (BHS) and its controls, passenger processing (check-in, self-bag-drop, boarding, biometrics), terminal operations systems, retail/F&B systems, terminal-level cyber",CEO (terminal company); CIO / Head of IT; Director of Terminal Operations; Head of Baggage Systems; Head of Passenger Experience; Director of Engineering; Procurement Manager; Head of Digital,Buys independently of the airport-wide authority. Do not assume authority-level contracts cover this asset.
jfkairport.com,JFK,John F. Kennedy International Airport,JFK Millennium Partners,jfkmillenniumpartners.com,Terminal operator,Terminal 6,No,"In-terminal IT & networks, baggage handling (BHS) and its controls, passenger processing (check-in, self-bag-drop, boarding, biometrics), terminal operations systems, retail/F&B systems, terminal-level cyber",CEO (terminal company); CIO / Head of IT; Director of Terminal Operations; Head of Baggage Systems; Head of Passenger Experience; Director of Engineering; Procurement Manager; Head of Digital,Buys independently of the airport-wide authority. Do not assume authority-level contracts cover this asset.
jfkairport.com,JFK,John F. Kennedy International Airport,American Airlines,aa.com,Terminal operator,Terminal 8,No,"In-terminal IT & networks, baggage handling (BHS) and its controls, passenger processing (check-in, self-bag-drop, boarding, biometrics), terminal operations systems, retail/F&B systems, terminal-level cyber",CEO (terminal company); CIO / Head of IT; Director of Terminal Operations; Head of Baggage Systems; Head of Passenger Experience; Director of Engineering; Procurement Manager; Head of Digital,Buys independently of the airport-wide authority. Do not assume authority-level contracts cover this asset.
jfkairport.com,JFK,John F. Kennedy International Airport,Delta Air Lines,delta.com,Terminal operator,Terminals 2/4 ops,No,"In-terminal IT & networks, baggage handling (BHS) and its controls, passenger processing (check-in, self-bag-drop, boarding, biometrics), terminal operations systems, retail/F&B systems, terminal-level cyber",CEO (terminal company); CIO / Head of IT; Director of Terminal Operations; Head of Baggage Systems; Head of Passenger Experience; Director of Engineering; Procurement Manager; Head of Digital,Buys independently of the airport-wide authority. Do not assume authority-level contracts cover this asset.
laguardiaairport.com,LGA,LaGuardia Airport,Port Authority of New York and New Jersey (Aviation Dept),panynj.gov,Airport-wide authority,Airport-wide,Yes,"Airport-wide network & OT, common-use passenger systems (CUPPS/CUSS), AODB/RMS, airport-wide cybersecurity, access control & perimeter, capital delivery programs, airfield systems, master-plan IT",CIO; Chief Information Officer; CISO; Director of IT; VP Technology; Chief Innovation Officer; Director of Airport Operations; COO; Chief Development Officer; VP Capital Programs; Director of Procurement; Chief Security Officer,"Terminal B is a full private concession (LGP) with its own CEO, CIO-equivalent and procurement. Terminal C is Delta-run. Authority retains AirTrain/roadway/central systems."
laguardiaairport.com,LGA,LaGuardia Airport,LaGuardia Gateway Partners,laguardiab.com,Terminal operator,Terminal B,No,"In-terminal IT & networks, baggage handling (BHS) and its controls, passenger processing (check-in, self-bag-drop, boarding, biometrics), terminal operations systems, retail/F&B systems, terminal-level cyber",CEO (terminal company); CIO / Head of IT; Director of Terminal Operations; Head of Baggage Systems; Head of Passenger Experience; Director of Engineering; Procurement Manager; Head of Digital,Buys independently of the airport-wide authority. Do not assume authority-level contracts cover this asset.
laguardiaairport.com,LGA,LaGuardia Airport,Delta Air Lines,delta.com,Terminal operator,Terminal C,No,"In-terminal IT & networks, baggage handling (BHS) and its controls, passenger processing (check-in, self-bag-drop, boarding, biometrics), terminal operations systems, retail/F&B systems, terminal-level cyber",CEO (terminal company); CIO / Head of IT; Director of Terminal Operations; Head of Baggage Systems; Head of Passenger Experience; Director of Engineering; Procurement Manager; Head of Digital,Buys independently of the airport-wide authority. Do not assume authority-level contracts cover this asset.
newarkairport.com,EWR,Newark Liberty International Airport,Port Authority of New York and New Jersey (Aviation Dept),panynj.gov,Airport-wide authority,Airport-wide,Yes,"Airport-wide network & OT, common-use passenger systems (CUPPS/CUSS), AODB/RMS, airport-wide cybersecurity, access control & perimeter, capital delivery programs, airfield systems, master-plan IT",CIO; Chief Information Officer; CISO; Director of IT; VP Technology; Chief Innovation Officer; Director of Airport Operations; COO; Chief Development Officer; VP Capital Programs; Director of Procurement; Chief Security Officer,"Terminal A is PANYNJ-delivered but OPERATED under contract by Munich Airport NJ LLC (a Flughafen Muenchen subsidiary) - so the Terminal A buyer is a German airport operator, not the Port Authority. Same parent authority as JFK and LGA: dedupe people outreach at the PANYNJ level."
newarkairport.com,EWR,Newark Liberty International Airport,Munich Airport NJ LLC,munich-airport.com,Terminal operator,Terminal A operations & commercial,No,"In-terminal IT & networks, baggage handling (BHS) and its controls, passenger processing (check-in, self-bag-drop, boarding, biometrics), terminal operations systems, retail/F&B systems, terminal-level cyber",CEO (terminal company); CIO / Head of IT; Director of Terminal Operations; Head of Baggage Systems; Head of Passenger Experience; Director of Engineering; Procurement Manager; Head of Digital,Buys independently of the airport-wide authority. Do not assume authority-level contracts cover this asset.
newarkairport.com,EWR,Newark Liberty International Airport,United Airlines,united.com,Terminal operator,Terminals B/C anchor tenant,No,"In-terminal IT & networks, baggage handling (BHS) and its controls, passenger processing (check-in, self-bag-drop, boarding, biometrics), terminal operations systems, retail/F&B systems, terminal-level cyber",CEO (terminal company); CIO / Head of IT; Director of Terminal Operations; Head of Baggage Systems; Head of Passenger Experience; Director of Engineering; Procurement Manager; Head of Digital,Buys independently of the airport-wide authority. Do not assume authority-level contracts cover this asset.
flysfo.com,SFO,San Francisco International Airport,"San Francisco International Airport (SFO), City and County of San Francisco",flysfo.com,Airport-wide authority,Airport-wide,Yes,"Airport-wide network & OT, common-use passenger systems (CUPPS/CUSS), AODB/RMS, airport-wide cybersecurity, access control & perimeter, capital delivery programs, airfield systems, master-plan IT",CIO; Chief Information Officer; CISO; Director of IT; VP Technology; Chief Innovation Officer; Director of Airport Operations; COO; Chief Development Officer; VP Capital Programs; Director of Procurement; Chief Security Officer,Airport Commission governance. Mature in-house IT and a well-documented biometric/digital identity program; publishes its own tech roadmap.
flysfo.com,SFO,San Francisco International Airport,City and County of San Francisco,sf.gov,Parent authority (multi-asset),Enterprise / multi-airport,No,"Enterprise IT standards, enterprise cybersecurity & identity, group procurement & vendor master agreements, shared data platform, capital program governance across multiple assets",Group CIO; Group CISO; Chief Technology Officer; SVP Enterprise IT; Chief Procurement Officer; Director of Enterprise Architecture; Chief Digital Officer,Parent layer; verify whether IT is centralized here or at the airport.
fly2houston.com,IAH,George Bush Intercontinental Airport,Houston Airport System (HAS),fly2houston.com,Airport-wide authority,Airport-wide,Yes,"Airport-wide network & OT, common-use passenger systems (CUPPS/CUSS), AODB/RMS, airport-wide cybersecurity, access control & perimeter, capital delivery programs, airfield systems, master-plan IT",CIO; Chief Information Officer; CISO; Director of IT; VP Technology; Chief Innovation Officer; Director of Airport Operations; COO; Chief Development Officer; VP Capital Programs; Director of Procurement; Chief Security Officer,"HAS runs IAH, HOU and EFD on ONE domain - domain is not unique per airport, so IATA disambiguation is required. IAH Terminal B/D redevelopment program."
fly2houston.com,IAH,George Bush Intercontinental Airport,City of Houston,houstontx.gov,Parent authority (multi-asset),Enterprise / multi-airport,No,"Enterprise IT standards, enterprise cybersecurity & identity, group procurement & vendor master agreements, shared data platform, capital program governance across multiple assets",Group CIO; Group CISO; Chief Technology Officer; SVP Enterprise IT; Chief Procurement Officer; Director of Enterprise Architecture; Chief Digital Officer,Parent layer; verify whether IT is centralized here or at the airport.
bostonlogan.com,BOS,Boston Logan International Airport,Massachusetts Port Authority (Massport) Aviation,massport.com,Airport-wide authority,Airport-wide,Yes,"Airport-wide network & OT, common-use passenger systems (CUPPS/CUSS), AODB/RMS, airport-wide cybersecurity, access control & perimeter, capital delivery programs, airfield systems, master-plan IT",CIO; Chief Information Officer; CISO; Director of IT; VP Technology; Chief Innovation Officer; Director of Airport Operations; COO; Chief Development Officer; VP Capital Programs; Director of Procurement; Chief Security Officer,Massport is the parent (seaport + airport + Worcester/Hanscom). Primary corporate domain is massport.com; bostonlogan.com is the passenger-facing brand - both must be kept on the row.
mspairport.com,MSP,Minneapolis-Saint Paul International Airport,Metropolitan Airports Commission (MAC),metroairports.org,Airport-wide authority,Airport-wide,Yes,"Airport-wide network & OT, common-use passenger systems (CUPPS/CUSS), AODB/RMS, airport-wide cybersecurity, access control & perimeter, capital delivery programs, airfield systems, master-plan IT",CIO; Chief Information Officer; CISO; Director of IT; VP Technology; Chief Innovation Officer; Director of Airport Operations; COO; Chief Development Officer; VP Capital Programs; Director of Procurement; Chief Security Officer,MAC is a public corporation running MSP + six reliever airports. Corporate domain metroairports.org differs from passenger domain mspairport.com - people search must use the corporate domain.
phl.org,PHL,Philadelphia International Airport,City of Philadelphia Division of Aviation,phl.org,Airport-wide authority,Airport-wide,Yes,"Airport-wide network & OT, common-use passenger systems (CUPPS/CUSS), AODB/RMS, airport-wide cybersecurity, access control & perimeter, capital delivery programs, airfield systems, master-plan IT",CIO; Chief Information Officer; CISO; Director of IT; VP Technology; Chief Innovation Officer; Director of Airport Operations; COO; Chief Development Officer; VP Capital Programs; Director of Procurement; Chief Security Officer,City division running PHL and PNE. Capital program with terminal and baggage modernization scope.
phl.org,PHL,Philadelphia International Airport,City of Philadelphia,phila.gov,Parent authority (multi-asset),Enterprise / multi-airport,No,"Enterprise IT standards, enterprise cybersecurity & identity, group procurement & vendor master agreements, shared data platform, capital program governance across multiple assets",Group CIO; Group CISO; Chief Technology Officer; SVP Enterprise IT; Chief Procurement Officer; Director of Enterprise Architecture; Chief Digital Officer,Parent layer; verify whether IT is centralized here or at the airport.
metroairport.com,DTW,Detroit Metropolitan Wayne County Airport,Wayne County Airport Authority (WCAA),metroairport.com,Airport-wide authority,Airport-wide,Yes,"Airport-wide network & OT, common-use passenger systems (CUPPS/CUSS), AODB/RMS, airport-wide cybersecurity, access control & perimeter, capital delivery programs, airfield systems, master-plan IT",CIO; Chief Information Officer; CISO; Director of IT; VP Technology; Chief Innovation Officer; Director of Airport Operations; COO; Chief Development Officer; VP Capital Programs; Director of Procurement; Chief Security Officer,WCAA is legally independent of Wayne County government despite the name - do not route to county IT. Runs DTW and YIP.
metroairport.com,DTW,Detroit Metropolitan Wayne County Airport,Delta Air Lines,delta.com,Terminal operator,McNamara Terminal anchor,No,"In-terminal IT & networks, baggage handling (BHS) and its controls, passenger processing (check-in, self-bag-drop, boarding, biometrics), terminal operations systems, retail/F&B systems, terminal-level cyber",CEO (terminal company); CIO / Head of IT; Director of Terminal Operations; Head of Baggage Systems; Head of Passenger Experience; Director of Engineering; Procurement Manager; Head of Digital,Buys independently of the airport-wide authority. Do not assume authority-level contracts cover this asset.
flydulles.com,IAD,Washington Dulles International Airport,Metropolitan Washington Airports Authority (MWAA),mwaa.com,Airport-wide authority,Airport-wide,Yes,"Airport-wide network & OT, common-use passenger systems (CUPPS/CUSS), AODB/RMS, airport-wide cybersecurity, access control & perimeter, capital delivery programs, airfield systems, master-plan IT",CIO; Chief Information Officer; CISO; Director of IT; VP Technology; Chief Innovation Officer; Director of Airport Operations; COO; Chief Development Officer; VP Capital Programs; Director of Procurement; Chief Security Officer,MWAA is the parent for BOTH IAD and DCA and also operates the Dulles Toll Road / Silver Line delivery. Corporate domain mwaa.com - dedupe people against the DCA row.
flyreagan.com,DCA,Ronald Reagan Washington National Airport,Metropolitan Washington Airports Authority (MWAA),mwaa.com,Airport-wide authority,Airport-wide,Yes,"Airport-wide network & OT, common-use passenger systems (CUPPS/CUSS), AODB/RMS, airport-wide cybersecurity, access control & perimeter, capital delivery programs, airfield systems, master-plan IT",CIO; Chief Information Officer; CISO; Director of IT; VP Technology; Chief Innovation Officer; Director of Airport Operations; COO; Chief Development Officer; VP Capital Programs; Director of Procurement; Chief Security Officer,Same parent authority as IAD. Shared CIO/CISO and shared procurement - treat IAD + DCA as ONE buying center with two physical assets.
slcairport.com,SLC,Salt Lake City International Airport,Salt Lake City Department of Airports,slcairport.com,Airport-wide authority,Airport-wide,Yes,"Airport-wide network & OT, common-use passenger systems (CUPPS/CUSS), AODB/RMS, airport-wide cybersecurity, access control & perimeter, capital delivery programs, airfield systems, master-plan IT",CIO; Chief Information Officer; CISO; Director of IT; VP Technology; Chief Innovation Officer; Director of Airport Operations; COO; Chief Development Officer; VP Capital Programs; Director of Procurement; Chief Security Officer,"Completed a full greenfield terminal rebuild (New SLC) - now in systems-optimization rather than build phase, which changes the offer."
slcairport.com,SLC,Salt Lake City International Airport,Salt Lake City Corporation,slc.gov,Parent authority (multi-asset),Enterprise / multi-airport,No,"Enterprise IT standards, enterprise cybersecurity & identity, group procurement & vendor master agreements, shared data platform, capital program governance across multiple assets",Group CIO; Group CISO; Chief Technology Officer; SVP Enterprise IT; Chief Procurement Officer; Director of Enterprise Architecture; Chief Digital Officer,Parent layer; verify whether IT is centralized here or at the airport.
san.org,SAN,San Diego International Airport,San Diego County Regional Airport Authority,san.org,Airport-wide authority,Airport-wide,Yes,"Airport-wide network & OT, common-use passenger systems (CUPPS/CUSS), AODB/RMS, airport-wide cybersecurity, access control & perimeter, capital delivery programs, airfield systems, master-plan IT",CIO; Chief Information Officer; CISO; Director of IT; VP Technology; Chief Innovation Officer; Director of Airport Operations; COO; Chief Development Officer; VP Capital Programs; Director of Procurement; Chief Security Officer,"Independent authority, not a city department. New Terminal 1 program is a large active capital delivery with its own program-management org."
tampaairport.com,TPA,Tampa International Airport,Hillsborough County Aviation Authority (HCAA),tampaairport.com,Airport-wide authority,Airport-wide,Yes,"Airport-wide network & OT, common-use passenger systems (CUPPS/CUSS), AODB/RMS, airport-wide cybersecurity, access control & perimeter, capital delivery programs, airfield systems, master-plan IT",CIO; Chief Information Officer; CISO; Director of IT; VP Technology; Chief Innovation Officer; Director of Airport Operations; COO; Chief Development Officer; VP Capital Programs; Director of Procurement; Chief Security Officer,HCAA runs TPA plus three GA airports. Independent of county government. Airside D and SkyCenter expansion programs.
flynashville.com,BNA,Nashville International Airport,Metropolitan Nashville Airport Authority (MNAA),flynashville.com,Airport-wide authority,Airport-wide,Yes,"Airport-wide network & OT, common-use passenger systems (CUPPS/CUSS), AODB/RMS, airport-wide cybersecurity, access control & perimeter, capital delivery programs, airfield systems, master-plan IT",CIO; Chief Information Officer; CISO; Director of IT; VP Technology; Chief Innovation Officer; Director of Airport Operations; COO; Chief Development Officer; VP Capital Programs; Director of Procurement; Chief Security Officer,MNAA runs BNA and JWN. BNA Vision / New Horizon capital programs; among the fastest-growing US mid-size hubs.
austintexas.gov,AUS,Austin-Bergstrom International Airport,City of Austin Department of Aviation,austintexas.gov,Airport-wide authority,Airport-wide,Yes,"Airport-wide network & OT, common-use passenger systems (CUPPS/CUSS), AODB/RMS, airport-wide cybersecurity, access control & perimeter, capital delivery programs, airfield systems, master-plan IT",CIO; Chief Information Officer; CISO; Director of IT; VP Technology; Chief Innovation Officer; Director of Airport Operations; COO; Chief Development Officer; VP Capital Programs; Director of Procurement; Chief Security Officer,"WARNING: no dedicated corporate domain - shares austintexas.gov with all of city government, so domain-based people enrichment WILL return non-airport staff. Must filter by department. Journey With AUS expansion program."
bwiairport.com,BWI,Baltimore/Washington International Thurgood Marshall Airport,Maryland Aviation Administration (MAA),bwiairport.com,Airport-wide authority,Airport-wide,Yes,"Airport-wide network & OT, common-use passenger systems (CUPPS/CUSS), AODB/RMS, airport-wide cybersecurity, access control & perimeter, capital delivery programs, airfield systems, master-plan IT",CIO; Chief Information Officer; CISO; Director of IT; VP Technology; Chief Innovation Officer; Director of Airport Operations; COO; Chief Development Officer; VP Capital Programs; Director of Procurement; Chief Security Officer,State-DOT-owned model (distinct from city/county/authority peers). IT and procurement governance sit partly at MDOT level - buyer may be at the state.
bwiairport.com,BWI,Baltimore/Washington International Thurgood Marshall Airport,Maryland Department of Transportation,mdot.maryland.gov,Parent authority (multi-asset),Enterprise / multi-airport,No,"Enterprise IT standards, enterprise cybersecurity & identity, group procurement & vendor master agreements, shared data platform, capital program governance across multiple assets",Group CIO; Group CISO; Chief Technology Officer; SVP Enterprise IT; Chief Procurement Officer; Director of Enterprise Architecture; Chief Digital Officer,Parent layer; verify whether IT is centralized here or at the airport.
torontopearson.com,YYZ,Toronto Pearson International Airport,Greater Toronto Airports Authority (GTAA),gtaa.com,Airport-wide authority,Airport-wide,Yes,"Airport-wide network & OT, common-use passenger systems (CUPPS/CUSS), AODB/RMS, airport-wide cybersecurity, access control & perimeter, capital delivery programs, airfield systems, master-plan IT",CIO; Chief Information Officer; CISO; Director of IT; VP Technology; Chief Innovation Officer; Director of Airport Operations; COO; Chief Development Officer; VP Capital Programs; Director of Procurement; Chief Security Officer,GTAA is a private not-for-profit corporation leasing from Transport Canada. Corporate domain gtaa.com vs passenger domain torontopearson.com. Terminal 1/3 modernization + LINK program.
yvr.ca,YVR,Vancouver International Airport,Vancouver Airport Authority,yvr.ca,Airport-wide authority,Airport-wide,Yes,"Airport-wide network & OT, common-use passenger systems (CUPPS/CUSS), AODB/RMS, airport-wide cybersecurity, access control & perimeter, capital delivery programs, airfield systems, master-plan IT",CIO; Chief Information Officer; CISO; Director of IT; VP Technology; Chief Innovation Officer; Director of Airport Operations; COO; Chief Development Officer; VP Capital Programs; Director of Procurement; Chief Security Officer,Community-based not-for-profit authority. Runs its own innovation/technology arm and has commercialized its own systems IP.
admtl.com,YUL,Montreal-Trudeau International Airport,Aeroports de Montreal (ADM),admtl.com,Airport-wide authority,Airport-wide,Yes,"Airport-wide network & OT, common-use passenger systems (CUPPS/CUSS), AODB/RMS, airport-wide cybersecurity, access control & perimeter, capital delivery programs, airfield systems, master-plan IT",CIO; Chief Information Officer; CISO; Director of IT; VP Technology; Chief Innovation Officer; Director of Airport Operations; COO; Chief Development Officer; VP Capital Programs; Director of Procurement; Chief Security Officer,ADM runs YUL and Mirabel cargo. French-language procurement and press; Claygent must search FR-language sources.
aicm.com.mx,MEX,Mexico City International Airport,Aeropuerto Internacional de la Ciudad de Mexico (AICM),aicm.com.mx,Airport-wide authority,Airport-wide,Yes,"Airport-wide network & OT, common-use passenger systems (CUPPS/CUSS), AODB/RMS, airport-wide cybersecurity, access control & perimeter, capital delivery programs, airfield systems, master-plan IT",CIO; Chief Information Officer; CISO; Director of IT; VP Technology; Chief Innovation Officer; Director of Airport Operations; COO; Chief Development Officer; VP Capital Programs; Director of Procurement; Chief Security Officer,"Administered by SEDENA (defence ministry) since 2021 - procurement is federal/military, not commercial. Very different sales path from the rest of the list; treat as public-sector federal."
aicm.com.mx,MEX,Mexico City International Airport,Government of Mexico (SEDENA-administered),gob.mx,Parent authority (multi-asset),Enterprise / multi-airport,No,"Enterprise IT standards, enterprise cybersecurity & identity, group procurement & vendor master agreements, shared data platform, capital program governance across multiple assets",Group CIO; Group CISO; Chief Technology Officer; SVP Enterprise IT; Chief Procurement Officer; Director of Enterprise Architecture; Chief Digital Officer,Parent layer; verify whether IT is centralized here or at the airport.
gru.com.br,GRU,Sao Paulo/Guarulhos International Airport,GRU Airport - Concessionaria do Aeroporto Internacional de Sao Paulo,gru.com.br,Airport-wide authority,Airport-wide,Yes,"Airport-wide network & OT, common-use passenger systems (CUPPS/CUSS), AODB/RMS, airport-wide cybersecurity, access control & perimeter, capital delivery programs, airfield systems, master-plan IT",CIO; Chief Information Officer; CISO; Director of IT; VP Technology; Chief Innovation Officer; Director of Airport Operations; COO; Chief Development Officer; VP Capital Programs; Director of Procurement; Chief Security Officer,"30-year private concession under ANAC regulation. Commercial procurement, Portuguese-language sources. Concession economics drive capex timing."
gru.com.br,GRU,Sao Paulo/Guarulhos International Airport,Invepar / concession consortium,invepar.com.br,Parent authority (multi-asset),Enterprise / multi-airport,No,"Enterprise IT standards, enterprise cybersecurity & identity, group procurement & vendor master agreements, shared data platform, capital program governance across multiple assets",Group CIO; Group CISO; Chief Technology Officer; SVP Enterprise IT; Chief Procurement Officer; Director of Enterprise Architecture; Chief Digital Officer,Parent layer; verify whether IT is centralized here or at the airport.
eldorado.aero,BOG,El Dorado International Airport (Bogota),Opain S.A.,eldorado.aero,Airport-wide authority,Airport-wide,Yes,"Airport-wide network & OT, common-use passenger systems (CUPPS/CUSS), AODB/RMS, airport-wide cybersecurity, access control & perimeter, capital delivery programs, airfield systems, master-plan IT",CIO; Chief Information Officer; CISO; Director of IT; VP Technology; Chief Innovation Officer; Director of Airport Operations; COO; Chief Development Officer; VP Capital Programs; Director of Procurement; Chief Security Officer,Opain holds the terminal concession; Aerocivil retains airside/ATC. Buyer split between concessionaire and civil aviation authority. Spanish-language sources.
eldorado.aero,BOG,El Dorado International Airport (Bogota),Opain consortium / Aeronautica Civil (grantor),aerocivil.gov.co,Parent authority (multi-asset),Enterprise / multi-airport,No,"Enterprise IT standards, enterprise cybersecurity & identity, group procurement & vendor master agreements, shared data platform, capital program governance across multiple assets",Group CIO; Group CISO; Chief Technology Officer; SVP Enterprise IT; Chief Procurement Officer; Director of Enterprise Architecture; Chief Digital Officer,Parent layer; verify whether IT is centralized here or at the airport.
heathrow.com,LHR,London Heathrow Airport,Heathrow Airport Limited,heathrow.com,Airport-wide authority,Airport-wide,Yes,"Airport-wide network & OT, common-use passenger systems (CUPPS/CUSS), AODB/RMS, airport-wide cybersecurity, access control & perimeter, capital delivery programs, airfield systems, master-plan IT",CIO; Chief Information Officer; CISO; Director of IT; VP Technology; Chief Innovation Officer; Director of Airport Operations; COO; Chief Development Officer; VP Capital Programs; Director of Procurement; Chief Security Officer,"Fully private, CAA-regulated (RAB model) - capex is set in regulatory settlements (H7), so procurement timing follows the regulatory cycle, not annual budgets. Third-runway/expansion decision is the dominant signal."
heathrow.com,LHR,London Heathrow Airport,British Airways,britishairways.com,Terminal operator,Terminal 5 anchor,No,"In-terminal IT & networks, baggage handling (BHS) and its controls, passenger processing (check-in, self-bag-drop, boarding, biometrics), terminal operations systems, retail/F&B systems, terminal-level cyber",CEO (terminal company); CIO / Head of IT; Director of Terminal Operations; Head of Baggage Systems; Head of Passenger Experience; Director of Engineering; Procurement Manager; Head of Digital,Buys independently of the airport-wide authority. Do not assume authority-level contracts cover this asset.
gatwickairport.com,LGW,London Gatwick Airport,Gatwick Airport Limited,gatwickairport.com,Airport-wide authority,Airport-wide,Yes,"Airport-wide network & OT, common-use passenger systems (CUPPS/CUSS), AODB/RMS, airport-wide cybersecurity, access control & perimeter, capital delivery programs, airfield systems, master-plan IT",CIO; Chief Information Officer; CISO; Director of IT; VP Technology; Chief Innovation Officer; Director of Airport Operations; COO; Chief Development Officer; VP Capital Programs; Director of Procurement; Chief Security Officer,"VINCI Airports is the parent group - VINCI runs 70+ airports and centralizes some technology standards, so a group-level buyer exists ABOVE the airport. Northern Runway project is the live capital signal."
gatwickairport.com,LGW,London Gatwick Airport,VINCI Airports (majority) / Global Infrastructure Partners,vinci-airports.com,Parent authority (multi-asset),Enterprise / multi-airport,No,"Enterprise IT standards, enterprise cybersecurity & identity, group procurement & vendor master agreements, shared data platform, capital program governance across multiple assets",Group CIO; Group CISO; Chief Technology Officer; SVP Enterprise IT; Chief Procurement Officer; Director of Enterprise Architecture; Chief Digital Officer,Parent layer; verify whether IT is centralized here or at the airport.
parisaeroport.fr,CDG,Paris-Charles de Gaulle Airport,Aeroports de Paris (Groupe ADP),adp.fr,Airport-wide authority,Airport-wide,Yes,"Airport-wide network & OT, common-use passenger systems (CUPPS/CUSS), AODB/RMS, airport-wide cybersecurity, access control & perimeter, capital delivery programs, airfield systems, master-plan IT",CIO; Chief Information Officer; CISO; Director of IT; VP Technology; Chief Innovation Officer; Director of Airport Operations; COO; Chief Development Officer; VP Capital Programs; Director of Procurement; Chief Security Officer,Groupe ADP operates CDG + ORY + LBG and holds stakes in TAV Airports and GMR - group-level CIO/CISO plus airport-level teams. Corporate domain adp.fr differs from the passenger domain parisaeroport.fr (the row key). FR-language sources; EU TED tenders.
schiphol.nl,AMS,Amsterdam Airport Schiphol,Royal Schiphol Group,schiphol.nl,Airport-wide authority,Airport-wide,Yes,"Airport-wide network & OT, common-use passenger systems (CUPPS/CUSS), AODB/RMS, airport-wide cybersecurity, access control & perimeter, capital delivery programs, airfield systems, master-plan IT",CIO; Chief Information Officer; CISO; Director of IT; VP Technology; Chief Innovation Officer; Director of Airport Operations; COO; Chief Development Officer; VP Capital Programs; Director of Procurement; Chief Security Officer,Schiphol Group also owns Rotterdam-The Hague and Eindhoven and holds a JFK T4 stake - the group is itself a terminal operator abroad. Publishes detailed multi-year capital and digital plans. EU TED tenders.
frankfurt-airport.com,FRA,Frankfurt Airport,Fraport AG,fraport.com,Airport-wide authority,Airport-wide,Yes,"Airport-wide network & OT, common-use passenger systems (CUPPS/CUSS), AODB/RMS, airport-wide cybersecurity, access control & perimeter, capital delivery programs, airfield systems, master-plan IT",CIO; Chief Information Officer; CISO; Director of IT; VP Technology; Chief Innovation Officer; Director of Airport Operations; COO; Chief Development Officer; VP Capital Programs; Director of Procurement; Chief Security Officer,"Fraport is a global operator (Greece, Brazil, Peru, Antalya) with a group IT organization - a group-level buyer sits above FRA. Terminal 3 is a multi-billion active build. Corporate domain fraport.com."
frankfurt-airport.com,FRA,Frankfurt Airport,Lufthansa,lufthansa.com,Terminal operator,Terminal 1 anchor,No,"In-terminal IT & networks, baggage handling (BHS) and its controls, passenger processing (check-in, self-bag-drop, boarding, biometrics), terminal operations systems, retail/F&B systems, terminal-level cyber",CEO (terminal company); CIO / Head of IT; Director of Terminal Operations; Head of Baggage Systems; Head of Passenger Experience; Director of Engineering; Procurement Manager; Head of Digital,Buys independently of the airport-wide authority. Do not assume authority-level contracts cover this asset.
aena.es,MAD,Adolfo Suarez Madrid-Barajas Airport,"Aena S.M.E., S.A.",aena.es,Airport-wide authority,Airport-wide,Yes,"Airport-wide network & OT, common-use passenger systems (CUPPS/CUSS), AODB/RMS, airport-wide cybersecurity, access control & perimeter, capital delivery programs, airfield systems, master-plan IT",CIO; Chief Information Officer; CISO; Director of IT; VP Technology; Chief Innovation Officer; Director of Airport Operations; COO; Chief Development Officer; VP Capital Programs; Director of Procurement; Chief Security Officer,"CRITICAL: Aena operates 46 Spanish airports on ONE domain. There is no MAD-specific domain or MAD-specific CIO - the buyer is the Aena network organization. Row is really 'Aena network, MAD as flagship'. EU TED tenders."
istairport.com,IST,Istanbul Airport,iGA Airport Operations (Istanbul Grand Airport),istairport.com,Airport-wide authority,Airport-wide,Yes,"Airport-wide network & OT, common-use passenger systems (CUPPS/CUSS), AODB/RMS, airport-wide cybersecurity, access control & perimeter, capital delivery programs, airfield systems, master-plan IT",CIO; Chief Information Officer; CISO; Director of IT; VP Technology; Chief Innovation Officer; Director of Airport Operations; COO; Chief Development Officer; VP Capital Programs; Director of Procurement; Chief Security Officer,25-year build-operate-transfer concession - iGA is a purpose-built operating company with its own full C-suite including CIO/CTO. Greenfield digital estate; strong public technology posture.
munich-airport.com,MUC,Munich Airport,Flughafen Muenchen GmbH (FMG),munich-airport.com,Airport-wide authority,Airport-wide,Yes,"Airport-wide network & OT, common-use passenger systems (CUPPS/CUSS), AODB/RMS, airport-wide cybersecurity, access control & perimeter, capital delivery programs, airfield systems, master-plan IT",CIO; Chief Information Officer; CISO; Director of IT; VP Technology; Chief Innovation Officer; Director of Airport Operations; COO; Chief Development Officer; VP Capital Programs; Director of Procurement; Chief Security Officer,"FMG sells airport operations expertise through Munich Airport International (MAI), which OPERATES Terminal A at Newark (EWR) and manages airports in Bulgaria, Honduras and El Salvador - a peer operator and competitor as well as a buyer. EU TED tenders; DE-language sources."
flughafen-zuerich.ch,ZRH,Zurich Airport,Flughafen Zuerich AG,flughafen-zuerich.ch,Airport-wide authority,Airport-wide,Yes,"Airport-wide network & OT, common-use passenger systems (CUPPS/CUSS), AODB/RMS, airport-wide cybersecurity, access control & perimeter, capital delivery programs, airfield systems, master-plan IT",CIO; Chief Information Officer; CISO; Director of IT; VP Technology; Chief Innovation Officer; Director of Airport Operations; COO; Chief Development Officer; VP Capital Programs; Director of Procurement; Chief Security Officer,Also operates concessions in Brazil and India (Noida/Jewar) - international portfolio creates group-level technology decisions. DE-language sources.
dublinairport.com,DUB,Dublin Airport,daa (Dublin Airport Authority),daa.ie,Airport-wide authority,Airport-wide,Yes,"Airport-wide network & OT, common-use passenger systems (CUPPS/CUSS), AODB/RMS, airport-wide cybersecurity, access control & perimeter, capital delivery programs, airfield systems, master-plan IT",CIO; Chief Information Officer; CISO; Director of IT; VP Technology; Chief Innovation Officer; Director of Airport Operations; COO; Chief Development Officer; VP Capital Programs; Director of Procurement; Chief Security Officer,daa also runs Cork and a large international retail/management arm (ARI). Corporate domain daa.ie vs passenger dublinairport.com. Passenger cap regulation is the dominant live policy signal. EU TED tenders.
dubaiairports.ae,DXB,Dubai International Airport,Dubai Airports,dubaiairports.ae,Airport-wide authority,Airport-wide,Yes,"Airport-wide network & OT, common-use passenger systems (CUPPS/CUSS), AODB/RMS, airport-wide cybersecurity, access control & perimeter, capital delivery programs, airfield systems, master-plan IT",CIO; Chief Information Officer; CISO; Director of IT; VP Technology; Chief Innovation Officer; Director of Airport Operations; COO; Chief Development Officer; VP Capital Programs; Director of Procurement; Chief Security Officer,Dubai Airports is a thin asset-owner/operator that outsources heavily; Emirates and dnata own large parts of the passenger and baggage estate. The announced move to Al Maktoum (DWC) is a generational capital signal.
dubaiairports.ae,DXB,Dubai International Airport,Emirates,emirates.com,Terminal operator,Terminal 3 exclusive,No,"In-terminal IT & networks, baggage handling (BHS) and its controls, passenger processing (check-in, self-bag-drop, boarding, biometrics), terminal operations systems, retail/F&B systems, terminal-level cyber",CEO (terminal company); CIO / Head of IT; Director of Terminal Operations; Head of Baggage Systems; Head of Passenger Experience; Director of Engineering; Procurement Manager; Head of Digital,Buys independently of the airport-wide authority. Do not assume authority-level contracts cover this asset.
dubaiairports.ae,DXB,Dubai International Airport,dnata,dnata.com,Handling / subsidiary operator,ground/cargo handling,No,"Ground-handling and cargo systems, ramp and baggage operations technology, resource-management and crew/staff systems",COO; Head of IT; Director of Ground Operations; Head of Cargo Systems; Head of Innovation,Buys independently of the airport-wide authority. Do not assume authority-level contracts cover this asset.
dohahamadairport.com,DOH,Hamad International Airport,MATAR (Qatar Company for Airports Operation & Management),dohahamadairport.com,Airport-wide authority,Airport-wide,Yes,"Airport-wide network & OT, common-use passenger systems (CUPPS/CUSS), AODB/RMS, airport-wide cybersecurity, access control & perimeter, capital delivery programs, airfield systems, master-plan IT",CIO; Chief Information Officer; CISO; Director of IT; VP Technology; Chief Innovation Officer; Director of Airport Operations; COO; Chief Development Officer; VP Capital Programs; Director of Procurement; Chief Security Officer,Owned and run by the airline group - so the airport buyer and the airline buyer are the SAME parent. Expansion phases C/D are active. Treat Qatar Airways Group as the true account.
dohahamadairport.com,DOH,Hamad International Airport,Qatar Airways Group,qatarairways.com,Parent authority (multi-asset),Enterprise / multi-airport,No,"Enterprise IT standards, enterprise cybersecurity & identity, group procurement & vendor master agreements, shared data platform, capital program governance across multiple assets",Group CIO; Group CISO; Chief Technology Officer; SVP Enterprise IT; Chief Procurement Officer; Director of Enterprise Architecture; Chief Digital Officer,Parent layer; verify whether IT is centralized here or at the airport.
dohahamadairport.com,DOH,Hamad International Airport,Qatar Aviation Services,qas.com.qa,Handling / subsidiary operator,handling,No,"Ground-handling and cargo systems, ramp and baggage operations technology, resource-management and crew/staff systems",COO; Head of IT; Director of Ground Operations; Head of Cargo Systems; Head of Innovation,Buys independently of the airport-wide authority. Do not assume authority-level contracts cover this asset.
changiairport.com,SIN,Singapore Changi Airport,Changi Airport Group (CAG),changiairport.com,Airport-wide authority,Airport-wide,Yes,"Airport-wide network & OT, common-use passenger systems (CUPPS/CUSS), AODB/RMS, airport-wide cybersecurity, access control & perimeter, capital delivery programs, airfield systems, master-plan IT",CIO; Chief Information Officer; CISO; Director of IT; VP Technology; Chief Innovation Officer; Director of Airport Operations; COO; Chief Development Officer; VP Capital Programs; Director of Procurement; Chief Security Officer,"CAG also runs Changi Airports International (consulting/concessions abroad) and is widely treated as the global reference airport for passenger technology - high bar, strong in-house capability, active Terminal 5 mega-program."
tokyo-haneda.com,HND,Tokyo International Airport (Haneda),Tokyo International Air Terminal Corporation (TIAT) / Japan Airport Terminal Co.,tokyo-airport-bldg.co.jp,Airport-wide authority,Airport-wide,Yes,"Airport-wide network & OT, common-use passenger systems (CUPPS/CUSS), AODB/RMS, airport-wide cybersecurity, access control & perimeter, capital delivery programs, airfield systems, master-plan IT",CIO; Chief Information Officer; CISO; Director of IT; VP Technology; Chief Innovation Officer; Director of Airport Operations; COO; Chief Development Officer; VP Capital Programs; Director of Procurement; Chief Security Officer,"STRUCTURALLY the most split account: MLIT owns runways/airside, Japan Airport Terminal Co. (listed) runs domestic terminals, TIAT runs the international terminal. Three separate buying centers, no single airport-wide IT owner. JP-language sources."
tokyo-haneda.com,HND,Tokyo International Airport (Haneda),"Ministry of Land, Infrastructure, Transport and Tourism (MLIT) - airside",mlit.go.jp,Parent authority (multi-asset),Enterprise / multi-airport,No,"Enterprise IT standards, enterprise cybersecurity & identity, group procurement & vendor master agreements, shared data platform, capital program governance across multiple assets",Group CIO; Group CISO; Chief Technology Officer; SVP Enterprise IT; Chief Procurement Officer; Director of Enterprise Architecture; Chief Digital Officer,Parent layer; verify whether IT is centralized here or at the airport.
tokyo-haneda.com,HND,Tokyo International Airport (Haneda),Japan Airport Terminal Co.,tokyo-airport-bldg.co.jp,Terminal operator,Terminals 1/2 domestic,No,"In-terminal IT & networks, baggage handling (BHS) and its controls, passenger processing (check-in, self-bag-drop, boarding, biometrics), terminal operations systems, retail/F&B systems, terminal-level cyber",CEO (terminal company); CIO / Head of IT; Director of Terminal Operations; Head of Baggage Systems; Head of Passenger Experience; Director of Engineering; Procurement Manager; Head of Digital,Buys independently of the airport-wide authority. Do not assume authority-level contracts cover this asset.
tokyo-haneda.com,HND,Tokyo International Airport (Haneda),Tokyo International Air Terminal Corp / TIAT,tiat.co.jp,Terminal operator,Terminal 3 international,No,"In-terminal IT & networks, baggage handling (BHS) and its controls, passenger processing (check-in, self-bag-drop, boarding, biometrics), terminal operations systems, retail/F&B systems, terminal-level cyber",CEO (terminal company); CIO / Head of IT; Director of Terminal Operations; Head of Baggage Systems; Head of Passenger Experience; Director of Engineering; Procurement Manager; Head of Digital,Buys independently of the airport-wide authority. Do not assume authority-level contracts cover this asset. Airside is separately owned by MLIT.
airport.kr,ICN,Incheon International Airport,Incheon International Airport Corporation (IIAC),airport.kr,Airport-wide authority,Airport-wide,Yes,"Airport-wide network & OT, common-use passenger systems (CUPPS/CUSS), AODB/RMS, airport-wide cybersecurity, access control & perimeter, capital delivery programs, airfield systems, master-plan IT",CIO; Chief Information Officer; CISO; Director of IT; VP Technology; Chief Innovation Officer; Director of Airport Operations; COO; Chief Development Officer; VP Capital Programs; Director of Procurement; Chief Security Officer,"IIAC is a public corporation with a formal, published procurement process and a strong smart-airport / biometric program. KR-language sources; public tender notices are the primary signal."
airport.kr,ICN,Incheon International Airport,Government of South Korea (MOLIT),molit.go.kr,Parent authority (multi-asset),Enterprise / multi-airport,No,"Enterprise IT standards, enterprise cybersecurity & identity, group procurement & vendor master agreements, shared data platform, capital program governance across multiple assets",Group CIO; Group CISO; Chief Technology Officer; SVP Enterprise IT; Chief Procurement Officer; Director of Enterprise Architecture; Chief Digital Officer,Parent layer; verify whether IT is centralized here or at the airport.
sydneyairport.com.au,SYD,Sydney Airport,Sydney Airport (Sydney Airport Corporation Limited),sydneyairport.com.au,Airport-wide authority,Airport-wide,Yes,"Airport-wide network & OT, common-use passenger systems (CUPPS/CUSS), AODB/RMS, airport-wide cybersecurity, access control & perimeter, capital delivery programs, airfield systems, master-plan IT",CIO; Chief Information Officer; CISO; Director of IT; VP Technology; Chief Innovation Officer; Director of Airport Operations; COO; Chief Development Officer; VP Capital Programs; Director of Procurement; Chief Security Officer,"Taken private in 2022 by an IFM-led consortium - now unlisted, so financial disclosure dropped and Claygent must lean on consortium/investor reporting. Competes with the new Western Sydney (Nancy-Bird Walton) airport."
