signal,category,source_type,where_it_appears,detection_method,buying_center_usually_responsible,priority,why_it_matters,false_positive_warning
Terminal expansion or new terminal,Infrastructure,Official + public record,"Board agendas, capital improvement plans, bond prospectuses, airport newsroom",Claygent tier 1b + tier 4,Airport-wide authority | Terminal operator,High,"A funded terminal program pulls in passenger systems, baggage, network and security scope on a known schedule",A 'master plan vision' with no funding line is not a project - check initiative_status
Terminal renovation or refurbishment,Infrastructure,Official + trade press,"Airport newsroom, Airport Improvement Magazine, Passenger Terminal Today",Claygent tier 1 + tier 3,Terminal operator (most often),High,Renovations replace in-terminal systems at their end of life - a natural displacement window,Airline-funded work on its own leased gates is usually out of scope
Baggage handling modernization,Baggage,Official + procurement,"Tender portals, board capital votes, trade press",Claygent tier 1d + tier 3,Terminal operator | Airport-wide authority,High,"BHS replacement is a large, long, systems-heavy purchase with a named incumbent to displace",Routine conveyor maintenance contracts read like modernization in tender titles
Biometric or passenger-processing program,Biometrics,Official + association,"Airport newsroom, ACI conference agendas, national border-agency announcements",Claygent tier 1 + tier 2,Airport-wide authority (with border agency),High,"Biometric rollouts are politically visible, funded, and always involve integration partners",A single-lane pilot is not a program; check estimated_timing and status
Cybersecurity program or incident,Security,Official + regulator + trade press,"Airport newsroom, regulatory notices, TSA/EASA directives, trade press",Claygent tier 1 + tier 4,Airport-wide authority | Parent authority,Critical,"The clearest trigger for security spend, and it creates urgency the buyer did not choose",Sector-wide advisories name many airports without any of them having a live project
Public-sector RFP or tender issued,Procurement,Procurement portal,The portal named in procurement_system; TED for EU; KONEPS for KR; CompraNet for MX,"Claygent tier 1d, re-run weekly",Whoever issued it,Critical,A live solicitation with a due date is the most actionable signal on the table,Re-issued or amended notices duplicate; dedupe on reference number
CIO / CISO / IT leadership change,Executive change,LinkedIn + official,"Airport newsroom, LinkedIn, trade press appointment notices",Clay job-change signal + Claygent tier 5,Airport-wide authority | Parent authority,Critical,"A new technology leader re-opens settled vendor decisions, usually inside their first 6 months",Interim and acting titles often revert; confirm the title is permanent
Airport operations / COO change,Executive change,LinkedIn + official,"Airport newsroom, LinkedIn",Clay job-change signal,Airport-wide authority | Terminal operator,Medium,Operations leaders own the systems that run the airfield and the terminal day,Reorganizations rename roles without changing the decision maker
Procurement or capital-program leadership change,Executive change,LinkedIn + official,"Board minutes, LinkedIn",Clay job-change signal,Airport-wide authority | Parent authority,High,Procurement leaders set the vendor master agreements everything else has to fit through,Title inflation is common in public agencies; check reporting line
Open roles in cyber / infrastructure / passenger systems,Hiring,Job boards,"Airport careers site, LinkedIn Jobs, Clay Open Jobs enrichment",Clay Open Jobs + keyword filter,Hiring buying center,High,Hiring for a capability is the earliest public evidence of a program being stood up,Public agencies repost stale requisitions for months - check first-posted date
Baggage / biometrics / BHS specialist roles,Hiring,Job boards,"Airport careers site, LinkedIn Jobs",Clay Open Jobs + keyword filter,Terminal operator | Airport-wide authority,High,Very specific roles map to very specific programs already underway,Contractor and staffing-agency posts misattribute to the airport
New airline route or carrier,Business expansion,Official + trade press,"Airport newsroom, route-development press, Aviation Week",Claygent tier 1 + tier 3,Airport-wide authority,Low,"Sustained route growth precedes capacity investment, but it is a slow leading indicator",Seasonal and charter route announcements inflate the count
Passenger volume record or capacity constraint,Business expansion,Official,"Monthly traffic statistics, annual report",Claygent tier 1,Airport-wide authority,Medium,Hitting a capacity ceiling is what converts a master plan into a funded program,Recovery-to-2019 comparisons read as growth when they are catch-up
Fuel management or energy initiative,Fuel/energy,Official + association,"Sustainability report, ACI sustainability programs, newsroom",Claygent tier 1 + tier 2,Airport-wide authority,Medium,"Fuel and energy programs carry their own systems, metering and reporting scope",Net-zero pledges with a 2050 date are not procurement events
Concession or ownership change,Funding / M&A,Regulatory + investor,"Regulatory filings, investor releases, Clay funding/investor data",Clay Latest Funding + Claygent tier 4,Parent authority | Concessionaire,High,"New owners reset capital plans and vendor relationships, often within a year",Minority stake trades usually change nothing operationally
Regulatory settlement or price control,Funding / M&A,Regulator,"CAA (UK), ANAC (BR), Aerocivil (CO), national aviation regulators",Claygent tier 4,Airport-wide authority,High,For regulated airports the settlement IS the capex budget - it sets what can be bought and when,"Consultation documents are proposals, not settlements"
Trade association conference speaking slot,Association,Association,"ACI, AAAE, ACI EUROPE conference agendas",Claygent tier 2,Named speaker's buying center,Medium,Reveals who owns a program and the internal name they use for it - excellent for personalization,Panel moderators are not necessarily program owners
