account,account_crm_id,account_org_type,account_icp_score,person_name,title,function,seniority,role_in_deal,in_crm,email_status,linkedin_present,why_this_seat
Northmark Health System,7011824,Health system,92,Priya Raghunathan,SVP & Chief Information Officer,CIO / IT,SVP/EVP,Economic buyer,Yes,Verified,Yes,Signs anything that touches the Epic estate. The enterprise agreement is hers.
Northmark Health System,7011824,Health system,92,Marcus Delgado,"VP, Population Health",Population health,VP,Champion,No,Verified,Yes,"Owns the shared-savings result, so referral leakage is his number rather than an IT metric."
Northmark Health System,7011824,Health system,92,Dr. Alice Yeung,Chief Medical Information Officer,Clinical transformation,C-level,Technical buyer,No,Verified,Yes,"Decides whether anything reaches the clinician's workflow. No CMIO sign-off, no adoption."
Northmark Health System,7011824,Health system,92,Tobias Lindqvist,"Executive Director, Value-Based Care Contracting",Value-based care,Director,Influencer,No,Catch-all,Yes,Holds the payer contracts that define what a referral out of network actually costs.
Northmark Health System,7011824,Health system,92,Renee Abara,"Director, Digital Patient Access",Digital health,Director,Influencer,Yes,Verified,Yes,"Runs scheduling and access. First to feel a broken referral, last to be asked."
Cascade Valley Health,7013310,Health system,88,Deandra Whitfield,Chief Digital & Information Officer,CIO / IT,C-level,Economic buyer,Yes,Verified,Yes,Single owner of both the Cerner estate and the acquired athena instance.
Cascade Valley Health,7013310,Health system,88,Hector Salinas,"VP, Clinical Integration",Clinical transformation,VP,Champion,No,Verified,Yes,Chartered specifically to make the acquired group behave like the system. The two-EHR problem is his job.
Cascade Valley Health,7013310,Health system,88,Wen Li Chen,"Director, Interoperability & Integration",CIO / IT,Director,Technical buyer,No,Verified,Yes,Will ask the interface questions. Gets a technical veto in practice.
Cascade Valley Health,7013310,Health system,88,Bridget Osei,"VP, Physician Network Development",Partnerships,VP,Influencer,No,Not found,Yes,Recruits and retains affiliated physicians - the population a network-integrity tool has to serve.
Cascade Valley Health,7013310,Health system,88,Samir Bhatt,"Director, Population Health Analytics",Population health,Director,Influencer,No,Verified,Yes,"Produces the leakage report today, by hand, quarterly."
Cascade Valley Health Plan,7013455,Provider-sponsored health plan,90,Nadia Petrov,Chief Operating Officer,Network & contracting,C-level,Economic buyer,Yes,Verified,Yes,Plan-side budget owner. Reports to the same system CEO as the provider arm.
Cascade Valley Health Plan,7013455,Provider-sponsored health plan,90,Owen Kirkbride,"VP, Network Strategy & Contracting",Network & contracting,VP,Champion,No,Verified,Yes,Decides which providers are in and at what rate. Directory accuracy is his compliance exposure.
Cascade Valley Health Plan,7013455,Provider-sponsored health plan,90,Talia Mercer,"Director, Payment Innovation",Value-based care,Director,Influencer,No,Catch-all,Yes,Designs the full-risk MA arrangements the data has to support.
Cascade Valley Health Plan,7013455,Provider-sponsored health plan,90,Jorge Almeida,"Manager, Provider Data Management",CIO / IT,Manager,Technical buyer,No,Verified,No,"Maintains the provider file. Knows exactly how wrong it is, and is never in the room."
Cascade Valley Health Plan,7013455,Provider-sponsored health plan,90,Simone Duval,"Director, Member Digital Experience",Digital health,Director,Influencer,No,Verified,Yes,"Owns the find-a-doctor experience, which is the directory in public."
Meridian Mutual Health Plan,7014120,Regional payer,95,Gerald Okonkwo,Chief Information Officer,CIO / IT,C-level,Economic buyer,Yes,Verified,Yes,Enterprise vendor master agreements route through him.
Meridian Mutual Health Plan,7014120,Regional payer,95,Katherine Vasquez,"SVP, Network Management",Network & contracting,SVP/EVP,Economic buyer,No,Verified,Yes,"The other economic buyer. Network spend is the largest line she controls; IT is a co-signer, not the owner."
Meridian Mutual Health Plan,7014120,Regional payer,95,Ahmed Farouk,"VP, Value-Based Payment",Value-based care,VP,Champion,No,Verified,Yes,Accountable for moving lives into risk arrangements. Needs provider data he does not have.
Meridian Mutual Health Plan,7014120,Regional payer,95,Lindsay Brauer,"Senior Director, Provider Data & Interoperability",CIO / IT,Director,Technical buyer,No,Verified,Yes,Owns the provider directory and the CMS-0057 prior-auth API work. The technical gate.
Meridian Mutual Health Plan,7014120,Regional payer,95,Rafael Moreno,"VP, Strategic Partnerships",Partnerships,VP,Influencer,No,Catch-all,Yes,Builds the health-system relationships a network product has to land inside.
Meridian Mutual Health Plan,7014120,Regional payer,95,Iris Nakamura,"Director, Product",Product,Director,Influencer,No,Verified,Yes,Decides what ships to providers and on what roadmap.
Meridian Advantage,7014188,Medicare Advantage plan,87,Carl Dembinski,President,Network & contracting,C-level,Economic buyer,No,Verified,Yes,"Separate P&L. Buys on his own timeline, not the parent's."
Meridian Advantage,7014188,Medicare Advantage plan,87,Yvette Cardoso,"VP, Provider Contracting",Network & contracting,VP,Champion,No,Verified,Yes,Delegated-risk contracts with Gulf Coast and Great Lakes sit with her.
Meridian Advantage,7014188,Medicare Advantage plan,87,Dr. Emeka Nwosu,"Director, Stars & Risk Adjustment",Value-based care,Director,Influencer,No,Verified,Yes,"Stars rating depends on care gaps closing, which depends on referrals landing."
Meridian Advantage,7014188,Medicare Advantage plan,87,Hana Sorensen,"Director, Clinical Programs",Population health,Director,Influencer,No,Not found,Yes,Runs the care-management programs that consume the network data.
Lakeshore Integrated Health,7015001,Health system,90,Vincent Achebe,Chief Information Officer,CIO / IT,C-level,Economic buyer,Yes,Verified,Yes,Inherited a MEDITECH estate he has to converge onto Epic.
Lakeshore Integrated Health,7015001,Health system,90,Margarethe Solberg,"VP, Integration Management Office",Clinical transformation,VP,Champion,No,Verified,Yes,"The seat that only exists because of the acquisition, with a funded mandate and a deadline. The single best entry point in this table."
Lakeshore Integrated Health,7015001,Health system,90,Dr. Paul Ferreira,Chief Medical Information Officer,Clinical transformation,C-level,Technical buyer,No,Verified,Yes,Clinical sign-off across two EHRs instead of one.
Lakeshore Integrated Health,7015001,Health system,90,Shanice Boyd,"VP, Value-Based Care",Value-based care,VP,Influencer,No,Catch-all,Yes,MSSP performance across a network that just grew by 720 providers.
Lakeshore Integrated Health,7015001,Health system,90,Dmitri Kolarov,"Director, Referral Management",Population health,Director,Champion,No,Verified,No,Running the merged referral process on spreadsheets right now. Loudest internal pain.
Pinnacle Provider Network,7016300,National payer,97,Eleanor Whitcomb,EVP & Chief Information Officer,CIO / IT,SVP/EVP,Economic buyer,Yes,Verified,Yes,Enterprise buyer at the largest account in the universe.
Pinnacle Provider Network,7016300,National payer,97,Desmond Achterberg,"SVP, Provider Network Strategy",Network & contracting,SVP/EVP,Economic buyer,No,Verified,Yes,Co-signer and the one with the business case.
Pinnacle Provider Network,7016300,National payer,97,Rosalind Mbeki,"VP, Value-Based Solutions",Value-based care,VP,Champion,No,Verified,Yes,Sells risk arrangements to the four Tier 1 systems already in this table.
Pinnacle Provider Network,7016300,National payer,97,Aaron Lieberman,"VP, Product",Product,VP,Influencer,No,Verified,Yes,Would rather build it. Has to be convinced early or he becomes the blocker.
Pinnacle Provider Network,7016300,National payer,97,Fatima Zaidi,"Senior Director, Provider Data Governance",CIO / IT,Director,Technical buyer,No,Verified,Yes,Owns directory accuracy and the No Surprises Act exposure that comes with it.
Pinnacle Provider Network,7016300,National payer,97,Grant Molloy,"VP, Health System Partnerships",Partnerships,VP,Influencer,No,Catch-all,Yes,"Holds the relationships at Northmark, Cascade Valley, Harborview and Sierra."
Sunbelt Care Partners,7017410,Value-based care enabler,93,Anika Rasmussen,Chief Technology Officer,CIO / IT,C-level,Economic buyer,Yes,Verified,Yes,"Buys and builds. Short evaluation cycles, high technical bar."
Sunbelt Care Partners,7017410,Value-based care enabler,93,Dr. Luis Ontiveros,Chief Medical Officer,Clinical transformation,C-level,Champion,No,Verified,Yes,Full risk on 220k lives makes leakage a P&L item he answers for.
Sunbelt Care Partners,7017410,Value-based care enabler,93,Bethany Kroll,"VP, Network Performance",Network & contracting,VP,Champion,No,Verified,Yes,"Manages 1,900 affiliated providers Sunbelt does not employ."
Sunbelt Care Partners,7017410,Value-based care enabler,93,Emmanuel Sarpong,"Director, Data & Analytics",CIO / IT,Director,Technical buyer,No,Verified,No,Will benchmark any vendor against what his team could ship in a quarter.
Sunbelt Care Partners,7017410,Value-based care enabler,93,Claire Bonnet,"VP, Payer Partnerships",Partnerships,VP,Influencer,No,Verified,Yes,Negotiates the delegated arrangements with Meridian Advantage and Pinnacle.
Harborview Health Partners,7019100,Health system,94,Theodore Nwachukwu,SVP & Chief Information Officer,CIO / IT,SVP/EVP,Economic buyer,Yes,Verified,Yes,Signs. Also the most Epic-loyal buyer in the table.
Harborview Health Partners,7019100,Health system,94,Dr. Miriam Castellanos,Chief Population Health Officer,Population health,C-level,Economic buyer,No,Verified,Yes,"Second economic buyer, and the one carrying downside risk. Her budget moves faster than IT's."
Harborview Health Partners,7019100,Health system,94,Julian Amaechi,"VP, Clinical Transformation",Clinical transformation,VP,Champion,No,Verified,Yes,Runs the change programme that adoption depends on.
Harborview Health Partners,7019100,Health system,94,Kristin Halvorsen,"Director, Epic Applications",CIO / IT,Director,Gatekeeper,No,Verified,Yes,"Will ask why this is not an Epic module. Treat as a gatekeeper and answer it in writing, early."
Harborview Health Partners,7019100,Health system,94,Obinna Eze,"VP, ACO Operations",Value-based care,VP,Champion,No,Catch-all,Yes,"Runs Harborview ACO LLC, the separate entity holding the REACH contract."
Summit Ridge Health,7023610,Health system,85,Lorena Aguilar,Chief Information Officer,CIO / IT,C-level,Economic buyer,No,Verified,Yes,"Buys for both the system and, in practice, the plan."
Summit Ridge Health,7023610,Health system,85,Nathaniel Osborne,"VP, Value-Based Care",Value-based care,VP,Champion,No,Verified,Yes,Full-risk MA through the captive plan is his to make work.
Summit Ridge Health,7023610,Health system,85,Adaeze Okafor,"Director, Care Management",Population health,Director,Influencer,No,Verified,Yes,Where the care-gap and referral work actually gets staffed.
Summit Ridge Health,7023610,Health system,85,Felix Brunner,"Director, Digital Health",Digital health,Director,Influencer,No,Not found,Yes,Owns the patient-facing access layer.
Sierra Health Network,7023900,Health system,89,Rosemary Tualagi,Chief Information Officer,CIO / IT,C-level,Economic buyer,Yes,Verified,Yes,Mid-evaluation on a platform migration. Every integration decision is open.
Sierra Health Network,7023900,Health system,89,Gideon Barclay,"VP, EHR Transformation Program",Clinical transformation,VP,Champion,No,Verified,Yes,Funded programme with a board-level deadline. Migration windows are when integration budget exists.
Sierra Health Network,7023900,Health system,89,Dr. Camila Restrepo,Chief Medical Information Officer,Clinical transformation,C-level,Technical buyer,No,Verified,Yes,Clinical authority over the target-state workflow.
Sierra Health Network,7023900,Health system,89,Byron Haverford,"Executive Director, Managed Care Contracting",Network & contracting,Director,Influencer,No,Catch-all,Yes,Holds the Pinnacle and Cascade Valley Health Plan contracts.
Sierra Health Network,7023900,Health system,89,Priscilla Nkemdirim,"Director, Interoperability",CIO / IT,Director,Technical buyer,No,Verified,Yes,Writes the integration requirements the migration will be built against.
